X,Y,Z,Roll,Pitch,Yaw
3.254,-3.54,0.0,0.0,0.0,0.0
3.268481132075472,-3.54,0.0,0.0,0.0,0.0
3.2829622641509433,-3.54,0.0,0.0,0.0,0.0
3.297443396226415,-3.54,0.0,0.0,0.0,0.0
3.311924528301887,-3.54,0.0,0.0,0.0,0.0
3.3264056603773584,-3.54,0.0,0.0,0.0,0.0
3.3408867924528303,-3.54,0.0,0.0,0.0,0.0
3.355367924528302,-3.54,0.0,0.0,0.0,0.0
3.3698490566037735,-3.54,0.0,0.0,0.0,0.0
3.3843301886792454,-3.54,0.0,0.0,0.0,0.0
3.398811320754717,-3.54,0.0,0.0,0.0,0.0
3.4132924528301887,-3.54,0.0,0.0,0.0,0.0
3.4277735849056605,-3.54,0.0,0.0,0.0,0.0
3.442254716981132,-3.54,0.0,0.0,0.0,0.0
3.456735849056604,-3.54,0.0,0.0,0.0,0.0
3.4712169811320757,-3.54,0.0,0.0,0.0,0.0
3.485698113207547,-3.54,0.0,0.0,0.0,0.0
3.500179245283019,-3.54,0.0,0.0,0.0,0.0
3.5146603773584904,-3.54,0.0,0.0,0.0,0.0
3.529141509433962,-3.54,0.0,0.0,0.0,0.0
3.543622641509434,-3.54,0.0,0.0,0.0,0.0
3.5581037735849055,-3.54,0.0,0.0,0.0,0.0
3.5725849056603773,-3.54,0.0,0.0,0.0,0.0
3.587066037735849,-3.54,0.0,0.0,0.0,0.0
3.6015471698113206,-3.54,0.0,0.0,0.0,0.0
3.6160283018867925,-3.54,0.0,0.0,0.0,0.0
3.6305094339622643,-3.54,0.0,0.0,0.0,0.0
3.6449905660377357,-3.54,0.0,0.0,0.0,0.0
3.6594716981132076,-3.54,0.0,0.0,0.0,0.0
3.6739528301886795,-3.54,0.0,0.0,0.0,0.0
3.688433962264151,-3.54,0.0,0.0,0.0,0.0
3.7029150943396227,-3.54,0.0,0.0,0.0,0.0
3.7173962264150946,-3.54,0.0,0.0,0.0,0.0
3.731877358490566,-3.54,0.0,0.0,0.0,0.0
3.746358490566038,-3.54,0.0,0.0,0.0,0.0
3.7608396226415097,-3.54,0.0,0.0,0.0,0.0
3.775320754716981,-3.54,0.0,0.0,0.0,0.0
3.789801886792453,-3.54,0.0,0.0,0.0,0.0
3.8042830188679244,-3.54,0.0,0.0,0.0,0.0
3.8187641509433963,-3.54,0.0,0.0,0.0,0.0
3.833245283018868,-3.54,0.0,0.0,0.0,0.0
3.84772641509434,-3.54,0.0,0.0,0.0,0.0
3.8622075471698114,-3.54,0.0,0.0,0.0,0.0
3.8766886792452833,-3.54,0.0,0.0,0.0,0.0
3.8911698113207547,-3.54,0.0,0.0,0.0,0.0
3.9056509433962265,-3.54,0.0,0.0,0.0,0.0
3.920132075471698,-3.54,0.0,0.0,0.0,0.0
3.93461320754717,-3.54,0.0,0.0,0.0,0.0
3.9490943396226417,-3.54,0.0,0.0,0.0,0.0
3.963575471698113,-3.54,0.0,0.0,0.0,0.0
3.978056603773585,-3.54,0.0,0.0,0.0,0.0
3.992537735849057,-3.54,0.0,0.0,0.0,0.0
4.007018867924528,-3.54,0.0,0.0,0.0,0.0
4.0215,-3.54,0.0,0.0,0.0,0.0
4.035981132075472,-3.54,0.0,0.0,0.0,0.0
4.050462264150943,-3.54,0.0,0.0,0.0,0.0
4.064943396226415,-3.54,0.0,0.0,0.0,0.0
4.079424528301887,-3.54,0.0,0.0,0.0,0.0
4.0939056603773585,-3.54,0.0,0.0,0.0,0.0
4.10838679245283,-3.54,0.0,0.0,0.0,0.0
4.122867924528302,-3.54,0.0,0.0,0.0,0.0
4.137349056603774,-3.54,0.0,0.0,0.0,0.0
4.151830188679245,-3.54,0.0,0.0,0.0,0.0
4.166311320754717,-3.54,0.0,0.0,0.0,0.0
4.180792452830189,-3.54,0.0,0.0,0.0,0.0
4.19527358490566,-3.54,0.0,0.0,0.0,0.0
4.2097547169811325,-3.54,0.0,0.0,0.0,0.0
4.224235849056604,-3.54,0.0,0.0,0.0,0.0
4.238716981132075,-3.54,0.0,0.0,0.0,0.0
4.253198113207548,-3.54,0.0,0.0,0.0,0.0
4.267679245283019,-3.54,0.0,0.0,0.0,0.0
4.28216037735849,-3.54,0.0,0.0,0.0,0.0
4.296641509433963,-3.54,0.0,0.0,0.0,0.0
4.311122641509434,-3.54,0.0,0.0,0.0,0.0
4.3256037735849056,-3.54,0.0,0.0,0.0,0.0
4.340084905660378,-3.54,0.0,0.0,0.0,0.0
4.354566037735849,-3.54,0.0,0.0,0.0,0.0
4.369047169811321,-3.54,0.0,0.0,0.0,0.0
4.383528301886793,-3.54,0.0,0.0,0.0,0.0
4.398009433962264,-3.54,0.0,0.0,0.0,0.0
4.412490566037736,-3.54,0.0,0.0,0.0,0.0
4.426971698113208,-3.54,0.0,0.0,0.0,0.0
4.4414528301886795,-3.54,0.0,0.0,0.0,0.0
4.455933962264151,-3.54,0.0,0.0,0.0,0.0
4.470415094339623,-3.54,0.0,0.0,0.0,0.0
4.484896226415095,-3.54,0.0,0.0,0.0,0.0
4.499377358490566,-3.54,0.0,0.0,0.0,0.0
4.513858490566038,-3.54,0.0,0.0,0.0,0.0
4.52833962264151,-3.54,0.0,0.0,0.0,0.0
4.542820754716981,-3.54,0.0,0.0,0.0,0.0
4.5573018867924535,-3.54,0.0,0.0,0.0,0.0
4.571783018867925,-3.54,0.0,0.0,0.0,0.0
4.586264150943396,-3.54,0.0,0.0,0.0,0.0
4.600745283018869,-3.54,0.0,0.0,0.0,0.0
4.61522641509434,-3.54,0.0,0.0,0.0,0.0
4.6297075471698115,-3.54,0.0,0.0,0.0,0.0
4.644188679245283,-3.54,0.0,0.0,0.0,0.0
4.658669811320755,-3.54,0.0,0.0,0.0,0.0
4.673150943396227,-3.54,0.0,0.0,0.0,0.0
4.687632075471698,-3.54,0.0,0.0,0.0,0.0
4.702113207547169,-3.54,0.0,0.0,0.0,0.0
4.716594339622642,-3.54,0.0,0.0,0.0,0.0
4.731075471698113,-3.54,0.0,0.0,0.0,0.0
4.745556603773585,-3.54,0.0,0.0,0.0,0.0
4.760037735849057,-3.54,0.0,0.0,0.0,0.0
4.774518867924528,-3.54,0.0,0.0,0.0,0.0
4.789,-3.54,0.0,0.0,0.0,0.0
4.803481132075472,-3.54,0.0,0.0,0.0,0.0
4.817962264150943,-3.54,0.0,0.0,0.0,0.0
4.832443396226416,-3.54,0.0,0.0,0.0,0.0
4.846924528301887,-3.54,0.0,0.0,0.0,0.0
4.8614056603773586,-3.54,0.0,0.0,0.0,0.0
4.87588679245283,-3.54,0.0,0.0,0.0,0.0
4.890367924528302,-3.54,0.0,0.0,0.0,0.0
4.904849056603774,-3.54,0.0,0.0,0.0,0.0
4.919330188679245,-3.54,0.0,0.0,0.0,0.0
4.933811320754717,-3.54,0.0,0.0,0.0,0.0
4.948292452830189,-3.54,0.0,0.0,0.0,0.0
4.96277358490566,-3.54,0.0,0.0,0.0,0.0
4.9772547169811325,-3.54,0.0,0.0,0.0,0.0
4.991735849056604,-3.54,0.0,0.0,0.0,0.0
5.006216981132075,-3.54,0.0,0.0,0.0,0.0
5.020698113207548,-3.54,0.0,0.0,0.0,0.0
5.035179245283019,-3.54,0.0,0.0,0.0,0.0
5.0496603773584905,-3.54,0.0,0.0,0.0,0.0
5.064141509433963,-3.54,0.0,0.0,0.0,0.0
5.078622641509434,-3.54,0.0,0.0,0.0,0.0
5.093103773584906,-3.54,0.0,0.0,0.0,0.0
5.107584905660378,-3.54,0.0,0.0,0.0,0.0
5.122066037735849,-3.54,0.0,0.0,0.0,0.0
5.136547169811321,-3.54,0.0,0.0,0.0,0.0
5.151028301886793,-3.54,0.0,0.0,0.0,0.0
5.1655094339622645,-3.54,0.0,0.0,0.0,0.0
5.179990566037736,-3.54,0.0,0.0,0.0,0.0
5.194471698113208,-3.54,0.0,0.0,0.0,0.0
5.20895283018868,-3.54,0.0,0.0,0.0,0.0
5.223433962264151,-3.54,0.0,0.0,0.0,0.0
5.237915094339623,-3.54,0.0,0.0,0.0,0.0
5.252396226415095,-3.54,0.0,0.0,0.0,0.0
5.266877358490566,-3.54,0.0,0.0,0.0,0.0
5.2813584905660385,-3.54,0.0,0.0,0.0,0.0
5.29583962264151,-3.54,0.0,0.0,0.0,0.0
5.310320754716981,-3.54,0.0,0.0,0.0,0.0
5.324801886792454,-3.54,0.0,0.0,0.0,0.0
5.339283018867924,-3.54,0.0,0.0,0.0,0.0
5.353764150943396,-3.54,0.0,0.0,0.0,0.0
5.368245283018868,-3.54,0.0,0.0,0.0,0.0
5.382726415094339,-3.54,0.0,0.0,0.0,0.0
5.3972075471698115,-3.54,0.0,0.0,0.0,0.0
5.411688679245284,-3.54,0.0,0.0,0.0,0.0
5.426169811320754,-3.54,0.0,0.0,0.0,0.0
5.440650943396227,-3.54,0.0,0.0,0.0,0.0
5.455132075471698,-3.54,0.0,0.0,0.0,0.0
5.4696132075471695,-3.54,0.0,0.0,0.0,0.0
5.484094339622642,-3.54,0.0,0.0,0.0,0.0
5.498575471698113,-3.54,0.0,0.0,0.0,0.0
5.513056603773585,-3.54,0.0,0.0,0.0,0.0
5.527537735849057,-3.54,0.0,0.0,0.0,0.0
5.542018867924528,-3.54,0.0,0.0,0.0,0.0
5.5565,-3.54,0.0,0.0,0.0,0.0
5.570981132075472,-3.54,0.0,0.0,0.0,0.0
5.5854622641509435,-3.54,0.0,0.0,0.0,0.0
5.599943396226415,-3.54,0.0,0.0,0.0,0.0
5.614424528301887,-3.54,0.0,0.0,0.0,0.0
5.6289056603773595,-3.54,0.0,0.0,0.0,0.0
5.64338679245283,-3.54,0.0,0.0,0.0,0.0
5.657867924528302,-3.54,0.0,0.0,0.0,0.0
5.672349056603774,-3.54,0.0,0.0,0.0,0.0
5.686830188679245,-3.54,0.0,0.0,0.0,0.0
5.7013113207547175,-3.54,0.0,0.0,0.0,0.0
5.715792452830189,-3.54,0.0,0.0,0.0,0.0
5.73027358490566,-3.54,0.0,0.0,0.0,0.0
5.744754716981133,-3.54,0.0,0.0,0.0,0.0
5.759235849056604,-3.54,0.0,0.0,0.0,0.0
5.773716981132075,-3.54,0.0,0.0,0.0,0.0
5.788198113207548,-3.54,0.0,0.0,0.0,0.0
5.802679245283019,-3.54,0.0,0.0,0.0,0.0
5.817160377358491,-3.54,0.0,0.0,0.0,0.0
5.831641509433963,-3.54,0.0,0.0,0.0,0.0
5.846122641509434,-3.54,0.0,0.0,0.0,0.0
5.860603773584906,-3.54,0.0,0.0,0.0,0.0
5.875084905660378,-3.54,0.0,0.0,0.0,0.0
5.889566037735849,-3.54,0.0,0.0,0.0,0.0
5.904047169811321,-3.54,0.0,0.0,0.0,0.0
5.918528301886793,-3.54,0.0,0.0,0.0,0.0
5.933009433962264,-3.54,0.0,0.0,0.0,0.0
5.947490566037736,-3.54,0.0,0.0,0.0,0.0
5.961971698113208,-3.54,0.0,0.0,0.0,0.0
5.97645283018868,-3.54,0.0,0.0,0.0,0.0
5.990933962264151,-3.54,0.0,0.0,0.0,0.0
6.005415094339623,-3.54,0.0,0.0,0.0,0.0
6.019896226415094,-3.54,0.0,0.0,0.0,0.0
6.034377358490566,-3.54,0.0,0.0,0.0,0.0
6.0488584905660385,-3.54,0.0,0.0,0.0,0.0
6.06333962264151,-3.54,0.0,0.0,0.0,0.0
6.077820754716981,-3.54,0.0,0.0,0.0,0.0
6.092301886792454,-3.54,0.0,0.0,0.0,0.0
6.106783018867924,-3.54,0.0,0.0,0.0,0.0
6.1212641509433965,-3.54,0.0,0.0,0.0,0.0
6.135745283018868,-3.54,0.0,0.0,0.0,0.0
6.150226415094339,-3.54,0.0,0.0,0.0,0.0
6.164707547169812,-3.54,0.0,0.0,0.0,0.0
6.179188679245284,-3.54,0.0,0.0,0.0,0.0
6.1936698113207544,-3.54,0.0,0.0,0.0,0.0
6.208150943396227,-3.54,0.0,0.0,0.0,0.0
6.222632075471698,-3.54,0.0,0.0,0.0,0.0
6.23711320754717,-3.54,0.0,0.0,0.0,0.0
6.251594339622642,-3.54,0.0,0.0,0.0,0.0
6.266075471698113,-3.54,0.0,0.0,0.0,0.0
6.280556603773585,-3.54,0.0,0.0,0.0,0.0
6.295037735849057,-3.54,0.0,0.0,0.0,0.0
6.309518867924528,-3.54,0.0,0.0,0.0,0.0
6.324,-3.54,0.0,0.0,0.0,0.0
6.338481132075472,-3.54,0.0,0.0,0.0,0.0
6.3529622641509444,-3.54,0.0,0.0,0.0,0.0
6.367443396226415,-3.54,0.0,0.0,0.0,0.0
6.381924528301887,-3.54,0.0,0.0,0.0,0.0
6.39640566037736,-3.54,0.0,0.0,0.0,0.0
6.410886792452831,-3.54,0.0,0.0,0.0,0.0
6.425367924528302,-3.54,0.0,0.0,0.0,0.0
6.439849056603774,-3.54,0.0,0.0,0.0,0.0
6.454330188679245,-3.54,0.0,0.0,0.0,0.0
6.4688113207547175,-3.54,0.0,0.0,0.0,0.0
6.483292452830189,-3.54,0.0,0.0,0.0,0.0
6.49777358490566,-3.54,0.0,0.0,0.0,0.0
6.512254716981133,-3.54,0.0,0.0,0.0,0.0
6.526735849056605,-3.54,0.0,0.0,0.0,0.0
6.5412169811320755,-3.54,0.0,0.0,0.0,0.0
6.555698113207548,-3.54,0.0,0.0,0.0,0.0
6.570179245283019,-3.54,0.0,0.0,0.0,0.0
6.584660377358491,-3.54,0.0,0.0,0.0,0.0
6.599141509433963,-3.54,0.0,0.0,0.0,0.0
6.613622641509434,-3.54,0.0,0.0,0.0,0.0
6.628103773584906,-3.54,0.0,0.0,0.0,0.0
6.642584905660378,-3.54,0.0,0.0,0.0,0.0
6.657066037735849,-3.54,0.0,0.0,0.0,0.0
6.671547169811321,-3.54,0.0,0.0,0.0,0.0
6.686028301886793,-3.54,0.0,0.0,0.0,0.0
6.700509433962265,-3.54,0.0,0.0,0.0,0.0
6.714990566037736,-3.54,0.0,0.0,0.0,0.0
6.729471698113208,-3.54,0.0,0.0,0.0,0.0
6.74395283018868,-3.54,0.0,0.0,0.0,0.0
6.758433962264151,-3.54,0.0,0.0,0.0,0.0
6.772915094339623,-3.54,0.0,0.0,0.0,0.0
6.787396226415094,-3.54,0.0,0.0,0.0,0.0
6.801877358490566,-3.54,0.0,0.0,0.0,0.0
6.816358490566039,-3.54,0.0,0.0,0.0,0.0
6.830839622641509,-3.54,0.0,0.0,0.0,0.0
6.845320754716981,-3.54,0.0,0.0,0.0,0.0
6.859801886792454,-3.54,0.0,0.0,0.0,0.0
6.874283018867925,-3.54,0.0,0.0,0.0,0.0
6.888764150943397,-3.54,0.0,0.0,0.0,0.0
6.903245283018868,-3.54,0.0,0.0,0.0,0.0
6.917726415094339,-3.54,0.0,0.0,0.0,0.0
6.932207547169812,-3.54,0.0,0.0,0.0,0.0
6.946688679245283,-3.54,0.0,0.0,0.0,0.0
6.9611698113207545,-3.54,0.0,0.0,0.0,0.0
6.975650943396227,-3.54,0.0,0.0,0.0,0.0
6.990132075471699,-3.54,0.0,0.0,0.0,0.0
7.00461320754717,-3.54,0.0,0.0,0.0,0.0
7.019094339622642,-3.54,0.0,0.0,0.0,0.0
7.033575471698113,-3.54,0.0,0.0,0.0,0.0
7.048056603773585,-3.54,0.0,0.0,0.0,0.0
7.062537735849057,-3.54,0.0,0.0,0.0,0.0
7.0770188679245285,-3.54,0.0,0.0,0.0,0.0
7.0915,-3.54,0.0,0.0,0.0,0.0
7.105981132075472,-3.54,0.0,0.0,0.0,0.0
7.1204622641509445,-3.54,0.0,0.0,0.0,0.0
7.134943396226415,-3.54,0.0,0.0,0.0,0.0
7.149424528301887,-3.54,0.0,0.0,0.0,0.0
7.16390566037736,-3.54,0.0,0.0,0.0,0.0
7.178386792452831,-3.54,0.0,0.0,0.0,0.0
7.1928679245283025,-3.54,0.0,0.0,0.0,0.0
7.207349056603774,-3.54,0.0,0.0,0.0,0.0
7.221830188679245,-3.54,0.0,0.0,0.0,0.0
7.236311320754718,-3.54,0.0,0.0,0.0,0.0
7.250792452830189,-3.54,0.0,0.0,0.0,0.0
7.26527358490566,-3.54,0.0,0.0,0.0,0.0
7.279754716981133,-3.54,0.0,0.0,0.0,0.0
7.294235849056605,-3.54,0.0,0.0,0.0,0.0
7.308716981132076,-3.54,0.0,0.0,0.0,0.0
7.323198113207548,-3.54,0.0,0.0,0.0,0.0
7.33767924528302,-3.54,0.0,0.0,0.0,0.0
7.352160377358491,-3.54,0.0,0.0,0.0,0.0
7.366641509433963,-3.54,0.0,0.0,0.0,0.0
7.3811226415094335,-3.54,0.0,0.0,0.0,0.0
7.395603773584906,-3.54,0.0,0.0,0.0,0.0
7.410084905660378,-3.54,0.0,0.0,0.0,0.0
7.424566037735849,-3.54,0.0,0.0,0.0,0.0
7.439047169811321,-3.54,0.0,0.0,0.0,0.0
7.453528301886793,-3.54,0.0,0.0,0.0,0.0
7.468009433962266,-3.54,0.0,0.0,0.0,0.0
7.482490566037736,-3.54,0.0,0.0,0.0,0.0
7.496971698113208,-3.54,0.0,0.0,0.0,0.0
7.511452830188679,-3.54,0.0,0.0,0.0,0.0
7.525933962264151,-3.54,0.0,0.0,0.0,0.0
7.5404150943396235,-3.54,0.0,0.0,0.0,0.0
7.554896226415094,-3.54,0.0,0.0,0.0,0.0
7.569377358490566,-3.54,0.0,0.0,0.0,0.0
7.583858490566039,-3.54,0.0,0.0,0.0,0.0
7.598339622641509,-3.54,0.0,0.0,0.0,0.0
7.6128207547169815,-3.54,0.0,0.0,0.0,0.0
7.627301886792454,-3.54,0.0,0.0,0.0,0.0
7.641783018867924,-3.54,0.0,0.0,0.0,0.0
7.656264150943397,-3.54,0.0,0.0,0.0,0.0
7.670745283018869,-3.54,0.0,0.0,0.0,0.0
7.6852264150943395,-3.54,0.0,0.0,0.0,0.0
7.699707547169812,-3.54,0.0,0.0,0.0,0.0
7.714188679245282,-3.54,0.0,0.0,0.0,0.0
7.728669811320755,-3.54,0.0,0.0,0.0,0.0
7.743150943396227,-3.54,0.0,0.0,0.0,0.0
7.757632075471699,-3.54,0.0,0.0,0.0,0.0
7.77211320754717,-3.54,0.0,0.0,0.0,0.0
7.786594339622642,-3.54,0.0,0.0,0.0,0.0
7.801075471698114,-3.54,0.0,0.0,0.0,0.0
7.815556603773585,-3.54,0.0,0.0,0.0,0.0
7.830037735849057,-3.54,0.0,0.0,0.0,0.0
7.844518867924528,-3.54,0.0,0.0,0.0,0.0
7.859,-3.54,0.0,0.0,0.0,0.0
7.873481132075472,-3.54,0.0,0.0,0.0,0.0
7.887962264150945,-3.54,0.0,0.0,0.0,0.0
7.902443396226415,-3.54,0.0,0.0,0.0,0.0
7.916924528301887,-3.54,0.0,0.0,0.0,0.0
7.93140566037736,-3.54,0.0,0.0,0.0,0.0
7.94588679245283,-3.54,0.0,0.0,0.0,0.0
7.9603679245283026,-3.54,0.0,0.0,0.0,0.0
7.974849056603775,-3.54,0.0,0.0,0.0,0.0
7.989330188679245,-3.54,0.0,0.0,0.0,0.0
8.003811320754718,-3.54,0.0,0.0,0.0,0.0
8.018292452830188,-3.54,0.0,0.0,0.0,0.0
8.03277358490566,-3.54,0.0,0.0,0.0,0.0
8.047254716981133,-3.54,0.0,0.0,0.0,0.0
8.061735849056605,-3.54,0.0,0.0,0.0,0.0
8.076216981132076,-3.54,0.0,0.0,0.0,0.0
8.090698113207548,-3.54,0.0,0.0,0.0,0.0
8.10517924528302,-3.54,0.0,0.0,0.0,0.0
8.11966037735849,-3.54,0.0,0.0,0.0,0.0
8.134141509433963,-3.54,0.0,0.0,0.0,0.0
8.148622641509434,-3.54,0.0,0.0,0.0,0.0
8.163103773584906,-3.54,0.0,0.0,0.0,0.0
8.177584905660378,-3.54,0.0,0.0,0.0,0.0
8.192066037735849,-3.54,0.0,0.0,0.0,0.0
8.206547169811321,-3.54,0.0,0.0,0.0,0.0
8.221028301886793,-3.54,0.0,0.0,0.0,0.0
8.235509433962266,-3.54,0.0,0.0,0.0,0.0
8.249990566037736,-3.54,0.0,0.0,0.0,0.0
8.264471698113208,-3.54,0.0,0.0,0.0,0.0
8.278952830188679,-3.54,0.0,0.0,0.0,0.0
8.293433962264151,-3.54,0.0,0.0,0.0,0.0
8.307915094339624,-3.54,0.0,0.0,0.0,0.0
8.322396226415094,-3.54,0.0,0.0,0.0,0.0
8.336877358490566,-3.54,0.0,0.0,0.0,0.0
8.351358490566039,-3.54,0.0,0.0,0.0,0.0
8.36583962264151,-3.54,0.0,0.0,0.0,0.0
8.380320754716982,-3.54,0.0,0.0,0.0,0.0
8.394801886792454,-3.54,0.0,0.0,0.0,0.0
8.409283018867924,-3.54,0.0,0.0,0.0,0.0
8.423764150943397,-3.54,0.0,0.0,0.0,0.0
8.438245283018869,-3.54,0.0,0.0,0.0,0.0
8.45272641509434,-3.54,0.0,0.0,0.0,0.0
8.467207547169812,-3.54,0.0,0.0,0.0,0.0
8.481688679245282,-3.54,0.0,0.0,0.0,0.0
8.496169811320755,-3.54,0.0,0.0,0.0,0.0
8.510650943396227,-3.54,0.0,0.0,0.0,0.0
8.5251320754717,-3.54,0.0,0.0,0.0,0.0
8.53961320754717,-3.54,0.0,0.0,0.0,0.0
8.554094339622642,-3.54,0.0,0.0,0.0,0.0
8.568575471698114,-3.54,0.0,0.0,0.0,0.0
8.583056603773585,-3.54,0.0,0.0,0.0,0.0
8.597537735849057,-3.54,0.0,0.0,0.0,0.0
8.612018867924528,-3.54,0.0,0.0,0.0,0.0
8.6265,-3.54,0.0,0.0,0.0,0.0
8.640981132075472,-3.54,0.0,0.0,0.0,0.0
8.655462264150945,-3.54,0.0,0.0,0.0,0.0
8.669943396226415,-3.54,0.0,0.0,0.0,0.0
8.684424528301887,-3.54,0.0,0.0,0.0,0.0
8.69890566037736,-3.54,0.0,0.0,0.0,0.0
8.71338679245283,-3.54,0.0,0.0,0.0,0.0
8.727867924528303,-3.54,0.0,0.0,0.0,0.0
8.742349056603775,-3.54,0.0,0.0,0.0,0.0
8.756830188679245,-3.54,0.0,0.0,0.0,0.0
8.771311320754718,-3.54,0.0,0.0,0.0,0.0
8.785792452830188,-3.54,0.0,0.0,0.0,0.0
8.80027358490566,-3.54,0.0,0.0,0.0,0.0
8.814754716981133,-3.54,0.0,0.0,0.0,0.0
8.829235849056605,-3.54,0.0,0.0,0.0,0.0
8.843716981132076,-3.54,0.0,0.0,0.0,0.0
8.858198113207548,-3.54,0.0,0.0,0.0,0.0
8.87267924528302,-3.54,0.0,0.0,0.0,0.0
8.88716037735849,-3.54,0.0,0.0,0.0,0.0
8.901641509433963,-3.54,0.0,0.0,0.0,0.0
8.916122641509434,-3.54,0.0,0.0,0.0,0.0
8.930603773584906,-3.54,0.0,0.0,0.0,0.0
8.945084905660378,-3.54,0.0,0.0,0.0,0.0
8.959566037735849,-3.54,0.0,0.0,0.0,0.0
8.974047169811321,-3.54,0.0,0.0,0.0,0.0
8.988528301886793,-3.54,0.0,0.0,0.0,0.0
9.003009433962266,-3.54,0.0,0.0,0.0,0.0
9.017490566037736,-3.54,0.0,0.0,0.0,0.0
9.031971698113209,-3.54,0.0,0.0,0.0,0.0
9.046452830188679,-3.54,0.0,0.0,0.0,0.0
9.060933962264151,-3.54,0.0,0.0,0.0,0.0
9.075415094339624,-3.54,0.0,0.0,0.0,0.0
9.089896226415094,-3.54,0.0,0.0,0.0,0.0
9.104377358490567,-3.54,0.0,0.0,0.0,0.0
9.118858490566039,-3.54,0.0,0.0,0.0,0.0
9.13333962264151,-3.54,0.0,0.0,0.0,0.0
9.147820754716982,-3.54,0.0,0.0,0.0,0.0
9.162301886792454,-3.54,0.0,0.0,0.0,0.0
9.176783018867924,-3.54,0.0,0.0,0.0,0.0
9.191264150943397,-3.54,0.0,0.0,0.0,0.0
9.205745283018869,-3.54,0.0,0.0,0.0,0.0
9.22022641509434,-3.54,0.0,0.0,0.0,0.0
9.234707547169812,-3.54,0.0,0.0,0.0,0.0
9.249188679245282,-3.54,0.0,0.0,0.0,0.0
9.263669811320755,-3.54,0.0,0.0,0.0,0.0
9.278150943396227,-3.54,0.0,0.0,0.0,0.0
9.2926320754717,-3.54,0.0,0.0,0.0,0.0
9.30711320754717,-3.54,0.0,0.0,0.0,0.0
9.321594339622642,-3.54,0.0,0.0,0.0,0.0
9.336075471698114,-3.54,0.0,0.0,0.0,0.0
9.350556603773585,-3.54,0.0,0.0,0.0,0.0
9.365037735849057,-3.54,0.0,0.0,0.0,0.0
9.379518867924528,-3.54,0.0,0.0,0.0,0.0
9.394,-3.54,0.0,0.0,0.0,1.5707963267948966
9.394,-3.5316509433962264,0.0,0.0,0.0,1.5707963267948966
9.394,-3.523301886792453,0.0,0.0,0.0,1.5707963267948966
9.394,-3.514952830188679,0.0,0.0,0.0,1.5707963267948966
9.394,-3.5066037735849056,0.0,0.0,0.0,1.5707963267948966
9.394,-3.498254716981132,0.0,0.0,0.0,1.5707963267948966
9.394,-3.4899056603773584,0.0,0.0,0.0,1.5707963267948966
9.394,-3.481556603773585,0.0,0.0,0.0,1.5707963267948966
9.394,-3.473207547169811,0.0,0.0,0.0,1.5707963267948966
9.394,-3.4648584905660376,0.0,0.0,0.0,1.5707963267948966
9.394,-3.456509433962264,0.0,0.0,0.0,1.5707963267948966
9.394,-3.448160377358491,0.0,0.0,0.0,1.5707963267948966
9.394,-3.439811320754717,0.0,0.0,0.0,1.5707963267948966
9.394,-3.4314622641509436,0.0,0.0,0.0,1.5707963267948966
9.394,-3.42311320754717,0.0,0.0,0.0,1.5707963267948966
9.394,-3.4147641509433964,0.0,0.0,0.0,1.5707963267948966
9.394,-3.4064150943396228,0.0,0.0,0.0,1.5707963267948966
9.394,-3.398066037735849,0.0,0.0,0.0,1.5707963267948966
9.394,-3.3897169811320755,0.0,0.0,0.0,1.5707963267948966
9.394,-3.381367924528302,0.0,0.0,0.0,1.5707963267948966
9.394,-3.3730188679245283,0.0,0.0,0.0,1.5707963267948966
9.394,-3.3646698113207547,0.0,0.0,0.0,1.5707963267948966
9.394,-3.356320754716981,0.0,0.0,0.0,1.5707963267948966
9.394,-3.3479716981132075,0.0,0.0,0.0,1.5707963267948966
9.394,-3.339622641509434,0.0,0.0,0.0,1.5707963267948966
9.394,-3.3312735849056603,0.0,0.0,0.0,1.5707963267948966
9.394,-3.3229245283018867,0.0,0.0,0.0,1.5707963267948966
9.394,-3.314575471698113,0.0,0.0,0.0,1.5707963267948966
9.394,-3.3062264150943395,0.0,0.0,0.0,1.5707963267948966
9.394,-3.297877358490566,0.0,0.0,0.0,1.5707963267948966
9.394,-3.2895283018867927,0.0,0.0,0.0,1.5707963267948966
9.394,-3.281179245283019,0.0,0.0,0.0,1.5707963267948966
9.394,-3.2728301886792455,0.0,0.0,0.0,1.5707963267948966
9.394,-3.264481132075472,0.0,0.0,0.0,1.5707963267948966
9.394,-3.2561320754716983,0.0,0.0,0.0,1.5707963267948966
9.394,-3.2477830188679246,0.0,0.0,0.0,1.5707963267948966
9.394,-3.239433962264151,0.0,0.0,0.0,1.5707963267948966
9.394,-3.2310849056603774,0.0,0.0,0.0,1.5707963267948966
9.394,-3.222735849056604,0.0,0.0,0.0,1.5707963267948966
9.394,-3.21438679245283,0.0,0.0,0.0,1.5707963267948966
9.394,-3.2060377358490566,0.0,0.0,0.0,1.5707963267948966
9.394,-3.197688679245283,0.0,0.0,0.0,1.5707963267948966
9.394,-3.1893396226415094,0.0,0.0,0.0,1.5707963267948966
9.394,-3.180990566037736,0.0,0.0,0.0,1.5707963267948966
9.394,-3.172641509433962,0.0,0.0,0.0,1.5707963267948966
9.394,-3.1642924528301886,0.0,0.0,0.0,1.5707963267948966
9.394,-3.155943396226415,0.0,0.0,0.0,1.5707963267948966
9.394,-3.1475943396226413,0.0,0.0,0.0,1.5707963267948966
9.394,-3.1392452830188677,0.0,0.0,0.0,1.5707963267948966
9.394,-3.1308962264150946,0.0,0.0,0.0,1.5707963267948966
9.394,-3.122547169811321,0.0,0.0,0.0,1.5707963267948966
9.394,-3.1141981132075474,0.0,0.0,0.0,1.5707963267948966
9.394,-3.1058490566037738,0.0,0.0,0.0,1.5707963267948966
9.394,-3.0975,0.0,0.0,0.0,1.5707963267948966
9.394,-3.0891509433962265,0.0,0.0,0.0,1.5707963267948966
9.394,-3.080801886792453,0.0,0.0,0.0,1.5707963267948966
9.394,-3.0724528301886793,0.0,0.0,0.0,1.5707963267948966
9.394,-3.0641037735849057,0.0,0.0,0.0,1.5707963267948966
9.394,-3.055754716981132,0.0,0.0,0.0,1.5707963267948966
9.394,-3.0474056603773585,0.0,0.0,0.0,1.5707963267948966
9.394,-3.039056603773585,0.0,0.0,0.0,1.5707963267948966
9.394,-3.0307075471698113,0.0,0.0,0.0,1.5707963267948966
9.394,-3.0223584905660377,0.0,0.0,0.0,1.5707963267948966
9.394,-3.014009433962264,0.0,0.0,0.0,1.5707963267948966
9.394,-3.0056603773584905,0.0,0.0,0.0,1.5707963267948966
9.394,-2.997311320754717,0.0,0.0,0.0,1.5707963267948966
9.394,-2.9889622641509437,0.0,0.0,0.0,1.5707963267948966
9.394,-2.9806132075471696,0.0,0.0,0.0,1.5707963267948966
9.394,-2.9722641509433965,0.0,0.0,0.0,1.5707963267948966
9.394,-2.963915094339623,0.0,0.0,0.0,1.5707963267948966
9.394,-2.9555660377358492,0.0,0.0,0.0,1.5707963267948966
9.394,-2.9472169811320756,0.0,0.0,0.0,1.5707963267948966
9.394,-2.938867924528302,0.0,0.0,0.0,1.5707963267948966
9.394,-2.9305188679245284,0.0,0.0,0.0,1.5707963267948966
9.394,-2.922169811320755,0.0,0.0,0.0,1.5707963267948966
9.394,-2.913820754716981,0.0,0.0,0.0,1.5707963267948966
9.394,-2.9054716981132076,0.0,0.0,0.0,1.5707963267948966
9.394,-2.897122641509434,0.0,0.0,0.0,1.5707963267948966
9.394,-2.8887735849056604,0.0,0.0,0.0,1.5707963267948966
9.394,-2.8804245283018868,0.0,0.0,0.0,1.5707963267948966
9.394,-2.872075471698113,0.0,0.0,0.0,1.5707963267948966
9.394,-2.8637264150943396,0.0,0.0,0.0,1.5707963267948966
9.394,-2.855377358490566,0.0,0.0,0.0,1.5707963267948966
9.394,-2.8470283018867923,0.0,0.0,0.0,1.5707963267948966
9.394,-2.8386792452830187,0.0,0.0,0.0,1.5707963267948966
9.394,-2.830330188679245,0.0,0.0,0.0,1.5707963267948966
9.394,-2.8219811320754715,0.0,0.0,0.0,1.5707963267948966
9.394,-2.8136320754716984,0.0,0.0,0.0,1.5707963267948966
9.394,-2.8052830188679243,0.0,0.0,0.0,1.5707963267948966
9.394,-2.796933962264151,0.0,0.0,0.0,1.5707963267948966
9.394,-2.788584905660377,0.0,0.0,0.0,1.5707963267948966
9.394,-2.780235849056604,0.0,0.0,0.0,1.5707963267948966
9.394,-2.7718867924528303,0.0,0.0,0.0,1.5707963267948966
9.394,-2.7635377358490567,0.0,0.0,0.0,1.5707963267948966
9.394,-2.755188679245283,0.0,0.0,0.0,1.5707963267948966
9.394,-2.7468396226415095,0.0,0.0,0.0,1.5707963267948966
9.394,-2.738490566037736,0.0,0.0,0.0,1.5707963267948966
9.394,-2.7301415094339623,0.0,0.0,0.0,1.5707963267948966
9.394,-2.7217924528301887,0.0,0.0,0.0,1.5707963267948966
9.394,-2.713443396226415,0.0,0.0,0.0,1.5707963267948966
9.394,-2.7050943396226415,0.0,0.0,0.0,1.5707963267948966
9.394,-2.696745283018868,0.0,0.0,0.0,1.5707963267948966
9.394,-2.6883962264150942,0.0,0.0,0.0,1.5707963267948966
9.394,-2.6800471698113206,0.0,0.0,0.0,1.5707963267948966
9.394,-2.6716981132075475,0.0,0.0,0.0,1.5707963267948966
9.394,-2.6633490566037734,0.0,0.0,0.0,1.5707963267948966
9.394,-2.6550000000000002,0.0,0.0,0.0,1.5707963267948966
9.394,-2.646650943396226,0.0,0.0,0.0,1.5707963267948966
9.394,-2.638301886792453,0.0,0.0,0.0,1.5707963267948966
9.394,-2.629952830188679,0.0,0.0,0.0,1.5707963267948966
9.394,-2.621603773584906,0.0,0.0,0.0,1.5707963267948966
9.394,-2.6132547169811318,0.0,0.0,0.0,1.5707963267948966
9.394,-2.6049056603773586,0.0,0.0,0.0,1.5707963267948966
9.394,-2.596556603773585,0.0,0.0,0.0,1.5707963267948966
9.394,-2.5882075471698114,0.0,0.0,0.0,1.5707963267948966
9.394,-2.5798584905660378,0.0,0.0,0.0,1.5707963267948966
9.394,-2.571509433962264,0.0,0.0,0.0,1.5707963267948966
9.394,-2.5631603773584906,0.0,0.0,0.0,1.5707963267948966
9.394,-2.554811320754717,0.0,0.0,0.0,1.5707963267948966
9.394,-2.5464622641509433,0.0,0.0,0.0,1.5707963267948966
9.394,-2.5381132075471697,0.0,0.0,0.0,1.5707963267948966
9.394,-2.529764150943396,0.0,0.0,0.0,1.5707963267948966
9.394,-2.5214150943396225,0.0,0.0,0.0,1.5707963267948966
9.394,-2.513066037735849,0.0,0.0,0.0,1.5707963267948966
9.394,-2.5047169811320753,0.0,0.0,0.0,1.5707963267948966
9.394,-2.496367924528302,0.0,0.0,0.0,1.5707963267948966
9.394,-2.488018867924528,0.0,0.0,0.0,1.5707963267948966
9.394,-2.479669811320755,0.0,0.0,0.0,1.5707963267948966
9.394,-2.471320754716981,0.0,0.0,0.0,1.5707963267948966
9.394,-2.4629716981132077,0.0,0.0,0.0,1.5707963267948966
9.394,-2.454622641509434,0.0,0.0,0.0,1.5707963267948966
9.394,-2.4462735849056605,0.0,0.0,0.0,1.5707963267948966
9.394,-2.437924528301887,0.0,0.0,0.0,1.5707963267948966
9.394,-2.4295754716981133,0.0,0.0,0.0,1.5707963267948966
9.394,-2.4212264150943397,0.0,0.0,0.0,1.5707963267948966
9.394,-2.412877358490566,0.0,0.0,0.0,1.5707963267948966
9.394,-2.4045283018867925,0.0,0.0,0.0,1.5707963267948966
9.394,-2.396179245283019,0.0,0.0,0.0,1.5707963267948966
9.394,-2.3878301886792457,0.0,0.0,0.0,1.5707963267948966
9.394,-2.3794811320754716,0.0,0.0,0.0,1.5707963267948966
9.394,-2.3711320754716985,0.0,0.0,0.0,1.5707963267948966
9.394,-2.3627830188679244,0.0,0.0,0.0,1.5707963267948966
9.394,-2.3544339622641512,0.0,0.0,0.0,1.5707963267948966
9.394,-2.346084905660377,0.0,0.0,0.0,1.5707963267948966
9.394,-2.337735849056604,0.0,0.0,0.0,1.5707963267948966
9.394,-2.32938679245283,0.0,0.0,0.0,1.5707963267948966
9.394,-2.321037735849057,0.0,0.0,0.0,1.5707963267948966
9.394,-2.3126886792452828,0.0,0.0,0.0,1.5707963267948966
9.394,-2.3043396226415096,0.0,0.0,0.0,1.5707963267948966
9.394,-2.2959905660377355,0.0,0.0,0.0,1.5707963267948966
9.394,-2.2876415094339624,0.0,0.0,0.0,1.5707963267948966
9.394,-2.2792924528301888,0.0,0.0,0.0,1.5707963267948966
9.394,-2.270943396226415,0.0,0.0,0.0,1.5707963267948966
9.394,-2.2625943396226416,0.0,0.0,0.0,1.5707963267948966
9.394,-2.254245283018868,0.0,0.0,0.0,1.5707963267948966
9.394,-2.2458962264150943,0.0,0.0,0.0,1.5707963267948966
9.394,-2.2375471698113207,0.0,0.0,0.0,1.5707963267948966
9.394,-2.229198113207547,0.0,0.0,0.0,1.5707963267948966
9.394,-2.2208490566037735,0.0,0.0,0.0,1.5707963267948966
9.394,-2.2125,0.0,0.0,0.0,1.5707963267948966
9.394,-2.2041509433962263,0.0,0.0,0.0,1.5707963267948966
9.394,-2.195801886792453,0.0,0.0,0.0,1.5707963267948966
9.394,-2.187452830188679,0.0,0.0,0.0,1.5707963267948966
9.394,-2.179103773584906,0.0,0.0,0.0,1.5707963267948966
9.394,-2.170754716981132,0.0,0.0,0.0,1.5707963267948966
9.394,-2.1624056603773587,0.0,0.0,0.0,1.5707963267948966
9.394,-2.1540566037735847,0.0,0.0,0.0,1.5707963267948966
9.394,-2.1457075471698115,0.0,0.0,0.0,1.5707963267948966
9.394,-2.1373584905660374,0.0,0.0,0.0,1.5707963267948966
9.394,-2.1290094339622643,0.0,0.0,0.0,1.5707963267948966
9.394,-2.1206603773584902,0.0,0.0,0.0,1.5707963267948966
9.394,-2.112311320754717,0.0,0.0,0.0,1.5707963267948966
9.394,-2.1039622641509435,0.0,0.0,0.0,1.5707963267948966
9.394,-2.09561320754717,0.0,0.0,0.0,1.5707963267948966
9.394,-2.0872641509433962,0.0,0.0,0.0,1.5707963267948966
9.394,-2.0789150943396226,0.0,0.0,0.0,1.5707963267948966
9.394,-2.070566037735849,0.0,0.0,0.0,1.5707963267948966
9.394,-2.0622169811320754,0.0,0.0,0.0,1.5707963267948966
9.394,-2.053867924528302,0.0,0.0,0.0,1.5707963267948966
9.394,-2.045518867924528,0.0,0.0,0.0,1.5707963267948966
9.394,-2.0371698113207546,0.0,0.0,0.0,1.5707963267948966
9.394,-2.028820754716981,0.0,0.0,0.0,1.5707963267948966
9.394,-2.020471698113208,0.0,0.0,0.0,1.5707963267948966
9.394,-2.0121226415094338,0.0,0.0,0.0,1.5707963267948966
9.394,-2.0037735849056606,0.0,0.0,0.0,1.5707963267948966
9.394,-1.9954245283018868,0.0,0.0,0.0,1.5707963267948966
9.394,-1.9870754716981132,0.0,0.0,0.0,1.5707963267948966
9.394,-1.9787264150943398,0.0,0.0,0.0,1.5707963267948966
9.394,-1.970377358490566,0.0,0.0,0.0,1.5707963267948966
9.394,-1.9620283018867926,0.0,0.0,0.0,1.5707963267948966
9.394,-1.953679245283019,0.0,0.0,0.0,1.5707963267948966
9.394,-1.9453301886792453,0.0,0.0,0.0,1.5707963267948966
9.394,-1.9369811320754717,0.0,0.0,0.0,1.5707963267948966
9.394,-1.9286320754716981,0.0,0.0,0.0,1.5707963267948966
9.394,-1.9202830188679245,0.0,0.0,0.0,1.5707963267948966
9.394,-1.9119339622641511,0.0,0.0,0.0,1.5707963267948966
9.394,-1.9035849056603773,0.0,0.0,0.0,1.5707963267948966
9.394,-1.895235849056604,0.0,0.0,0.0,1.5707963267948966
9.394,-1.88688679245283,0.0,0.0,0.0,1.5707963267948966
9.394,-1.8785377358490567,0.0,0.0,0.0,1.5707963267948966
9.394,-1.870188679245283,0.0,0.0,0.0,1.5707963267948966
9.394,-1.8618396226415095,0.0,0.0,0.0,1.5707963267948966
9.394,-1.8534905660377359,0.0,0.0,0.0,1.5707963267948966
9.394,-1.8451415094339623,0.0,0.0,0.0,1.5707963267948966
9.394,-1.8367924528301887,0.0,0.0,0.0,1.5707963267948966
9.394,-1.8284433962264153,0.0,0.0,0.0,1.5707963267948966
9.394,-1.8200943396226414,0.0,0.0,0.0,1.5707963267948966
9.394,-1.811745283018868,0.0,0.0,0.0,1.5707963267948966
9.394,-1.8033962264150944,0.0,0.0,0.0,1.5707963267948966
9.394,-1.7950471698113208,0.0,0.0,0.0,1.5707963267948966
9.394,-1.7866981132075472,0.0,0.0,0.0,1.5707963267948966
9.394,-1.7783490566037736,0.0,0.0,0.0,1.5707963267948966
9.394,-1.77,0.0,0.0,0.0,1.5707963267948966
9.394,-1.7616509433962264,0.0,0.0,0.0,1.5707963267948966
9.394,-1.7533018867924526,0.0,0.0,0.0,1.5707963267948966
9.394,-1.7449528301886794,0.0,0.0,0.0,1.5707963267948966
9.394,-1.7366037735849056,0.0,0.0,0.0,1.5707963267948966
9.394,-1.728254716981132,0.0,0.0,0.0,1.5707963267948966
9.394,-1.7199056603773584,0.0,0.0,0.0,1.5707963267948966
9.394,-1.711556603773585,0.0,0.0,0.0,1.5707963267948966
9.394,-1.7032075471698114,0.0,0.0,0.0,1.5707963267948966
9.394,-1.6948584905660378,0.0,0.0,0.0,1.5707963267948966
9.394,-1.686509433962264,0.0,0.0,0.0,1.5707963267948966
9.394,-1.6781603773584908,0.0,0.0,0.0,1.5707963267948966
9.394,-1.669811320754717,0.0,0.0,0.0,1.5707963267948966
9.394,-1.6614622641509433,0.0,0.0,0.0,1.5707963267948966
9.394,-1.6531132075471697,0.0,0.0,0.0,1.5707963267948966
9.394,-1.6447641509433963,0.0,0.0,0.0,1.5707963267948966
9.394,-1.6364150943396227,0.0,0.0,0.0,1.5707963267948966
9.394,-1.628066037735849,0.0,0.0,0.0,1.5707963267948966
9.394,-1.6197169811320753,0.0,0.0,0.0,1.5707963267948966
9.394,-1.6113679245283021,0.0,0.0,0.0,1.5707963267948966
9.394,-1.6030188679245283,0.0,0.0,0.0,1.5707963267948966
9.394,-1.5946698113207547,0.0,0.0,0.0,1.5707963267948966
9.394,-1.586320754716981,0.0,0.0,0.0,1.5707963267948966
9.394,-1.5779716981132077,0.0,0.0,0.0,1.5707963267948966
9.394,-1.569622641509434,0.0,0.0,0.0,1.5707963267948966
9.394,-1.5612735849056603,0.0,0.0,0.0,1.5707963267948966
9.394,-1.5529245283018867,0.0,0.0,0.0,1.5707963267948966
9.394,-1.5445754716981133,0.0,0.0,0.0,1.5707963267948966
9.394,-1.5362264150943399,0.0,0.0,0.0,1.5707963267948966
9.394,-1.5278773584905658,0.0,0.0,0.0,1.5707963267948966
9.394,-1.5195283018867922,0.0,0.0,0.0,1.5707963267948966
9.394,-1.511179245283019,0.0,0.0,0.0,1.5707963267948966
9.394,-1.5028301886792454,0.0,0.0,0.0,1.5707963267948966
9.394,-1.4944811320754718,0.0,0.0,0.0,1.5707963267948966
9.394,-1.4861320754716978,0.0,0.0,0.0,1.5707963267948966
9.394,-1.4777830188679246,0.0,0.0,0.0,1.5707963267948966
9.394,-1.469433962264151,0.0,0.0,0.0,1.5707963267948966
9.394,-1.4610849056603774,0.0,0.0,0.0,1.5707963267948966
9.394,-1.4527358490566038,0.0,0.0,0.0,1.5707963267948966
9.394,-1.4443867924528302,0.0,0.0,0.0,1.5707963267948966
9.394,-1.4360377358490566,0.0,0.0,0.0,1.5707963267948966
9.394,-1.427688679245283,0.0,0.0,0.0,1.5707963267948966
9.394,-1.4193396226415094,0.0,0.0,0.0,1.5707963267948966
9.394,-1.4109905660377362,0.0,0.0,0.0,1.5707963267948966
9.394,-1.4026415094339622,0.0,0.0,0.0,1.5707963267948966
9.394,-1.3942924528301885,0.0,0.0,0.0,1.5707963267948966
9.394,-1.385943396226415,0.0,0.0,0.0,1.5707963267948966
9.394,-1.3775943396226418,0.0,0.0,0.0,1.5707963267948966
9.394,-1.3692452830188682,0.0,0.0,0.0,1.5707963267948966
9.394,-1.3608962264150946,0.0,0.0,0.0,1.5707963267948966
9.394,-1.3525471698113205,0.0,0.0,0.0,1.5707963267948966
9.394,-1.3441981132075473,0.0,0.0,0.0,1.5707963267948966
9.394,-1.3358490566037737,0.0,0.0,0.0,1.5707963267948966
9.394,-1.3275000000000001,0.0,0.0,0.0,1.5707963267948966
9.394,-1.3191509433962265,0.0,0.0,0.0,1.5707963267948966
9.394,-1.3108018867924525,0.0,0.0,0.0,1.5707963267948966
9.394,-1.3024528301886793,0.0,0.0,0.0,1.5707963267948966
9.394,-1.2941037735849057,0.0,0.0,0.0,1.5707963267948966
9.394,-1.285754716981132,0.0,0.0,0.0,1.5707963267948966
9.394,-1.2774056603773585,0.0,0.0,0.0,1.5707963267948966
9.394,-1.2690566037735849,0.0,0.0,0.0,1.5707963267948966
9.394,-1.2607075471698113,0.0,0.0,0.0,1.5707963267948966
9.394,-1.2523584905660377,0.0,0.0,0.0,1.5707963267948966
9.394,-1.244009433962264,0.0,0.0,0.0,1.5707963267948966
9.394,-1.2356603773584909,0.0,0.0,0.0,1.5707963267948966
9.394,-1.2273113207547168,0.0,0.0,0.0,1.5707963267948966
9.394,-1.2189622641509432,0.0,0.0,0.0,1.5707963267948966
9.394,-1.2106132075471696,0.0,0.0,0.0,1.5707963267948966
9.394,-1.2022641509433964,0.0,0.0,0.0,1.5707963267948966
9.394,-1.1939150943396228,0.0,0.0,0.0,1.5707963267948966
9.394,-1.1855660377358488,0.0,0.0,0.0,1.5707963267948966
9.394,-1.1772169811320752,0.0,0.0,0.0,1.5707963267948966
9.394,-1.168867924528302,0.0,0.0,0.0,1.5707963267948966
9.394,-1.1605188679245284,0.0,0.0,0.0,1.5707963267948966
9.394,-1.1521698113207548,0.0,0.0,0.0,1.5707963267948966
9.394,-1.1438207547169812,0.0,0.0,0.0,1.5707963267948966
9.394,-1.1354716981132076,0.0,0.0,0.0,1.5707963267948966
9.394,-1.127122641509434,0.0,0.0,0.0,1.5707963267948966
9.394,-1.1187735849056604,0.0,0.0,0.0,1.5707963267948966
9.394,-1.1104245283018868,0.0,0.0,0.0,1.5707963267948966
9.394,-1.1020754716981132,0.0,0.0,0.0,1.5707963267948966
9.394,-1.0937264150943395,0.0,0.0,0.0,1.5707963267948966
9.394,-1.085377358490566,0.0,0.0,0.0,1.5707963267948966
9.394,-1.0770283018867923,0.0,0.0,0.0,1.5707963267948966
9.394,-1.0686792452830192,0.0,0.0,0.0,1.5707963267948966
9.394,-1.0603301886792456,0.0,0.0,0.0,1.5707963267948966
9.394,-1.0519811320754715,0.0,0.0,0.0,1.5707963267948966
9.394,-1.043632075471698,0.0,0.0,0.0,1.5707963267948966
9.394,-1.0352830188679247,0.0,0.0,0.0,1.5707963267948966
9.394,-1.0269339622641511,0.0,0.0,0.0,1.5707963267948966
9.394,-1.0185849056603775,0.0,0.0,0.0,1.5707963267948966
9.394,-1.0102358490566035,0.0,0.0,0.0,1.5707963267948966
9.394,-1.0018867924528303,0.0,0.0,0.0,1.5707963267948966
9.394,-0.9935377358490567,0.0,0.0,0.0,1.5707963267948966
9.394,-0.9851886792452831,0.0,0.0,0.0,1.5707963267948966
9.394,-0.9768396226415095,0.0,0.0,0.0,1.5707963267948966
9.394,-0.9684905660377359,0.0,0.0,0.0,1.5707963267948966
9.394,-0.9601415094339623,0.0,0.0,0.0,1.5707963267948966
9.394,-0.9517924528301887,0.0,0.0,0.0,1.5707963267948966
9.394,-0.943443396226415,0.0,0.0,0.0,1.5707963267948966
9.394,-0.9350943396226419,0.0,0.0,0.0,1.5707963267948966
9.394,-0.9267452830188678,0.0,0.0,0.0,1.5707963267948966
9.394,-0.9183962264150942,0.0,0.0,0.0,1.5707963267948966
9.394,-0.9100471698113206,0.0,0.0,0.0,1.5707963267948966
9.394,-0.9016981132075474,0.0,0.0,0.0,1.5707963267948966
9.394,-0.8933490566037738,0.0,0.0,0.0,1.5707963267948966
9.394,-0.8849999999999998,0.0,0.0,0.0,1.5707963267948966
9.394,-0.8766509433962262,0.0,0.0,0.0,1.5707963267948966
9.394,-0.8683018867924526,0.0,0.0,0.0,1.5707963267948966
9.394,-0.8599528301886794,0.0,0.0,0.0,1.5707963267948966
9.394,-0.8516037735849058,0.0,0.0,0.0,1.5707963267948966
9.394,-0.8432547169811322,0.0,0.0,0.0,1.5707963267948966
9.394,-0.8349056603773581,0.0,0.0,0.0,1.5707963267948966
9.394,-0.826556603773585,0.0,0.0,0.0,1.5707963267948966
9.394,-0.8182075471698114,0.0,0.0,0.0,1.5707963267948966
9.394,-0.8098584905660378,0.0,0.0,0.0,1.5707963267948966
9.394,-0.8015094339622642,0.0,0.0,0.0,1.5707963267948966
9.394,-0.7931603773584905,0.0,0.0,0.0,1.5707963267948966
9.394,-0.7848113207547169,0.0,0.0,0.0,1.5707963267948966
9.394,-0.7764622641509433,0.0,0.0,0.0,1.5707963267948966
9.394,-0.7681132075471697,0.0,0.0,0.0,1.5707963267948966
9.394,-0.7597641509433966,0.0,0.0,0.0,1.5707963267948966
9.394,-0.7514150943396225,0.0,0.0,0.0,1.5707963267948966
9.394,-0.7430660377358489,0.0,0.0,0.0,1.5707963267948966
9.394,-0.7347169811320753,0.0,0.0,0.0,1.5707963267948966
9.394,-0.7263679245283021,0.0,0.0,0.0,1.5707963267948966
9.394,-0.7180188679245285,0.0,0.0,0.0,1.5707963267948966
9.394,-0.7096698113207545,0.0,0.0,0.0,1.5707963267948966
9.394,-0.7013207547169809,0.0,0.0,0.0,1.5707963267948966
9.394,-0.6929716981132077,0.0,0.0,0.0,1.5707963267948966
9.394,-0.6846226415094341,0.0,0.0,0.0,1.5707963267948966
9.394,-0.6762735849056605,0.0,0.0,0.0,1.5707963267948966
9.394,-0.6679245283018869,0.0,0.0,0.0,1.5707963267948966
9.394,-0.6595754716981133,0.0,0.0,0.0,1.5707963267948966
9.394,-0.6512264150943397,0.0,0.0,0.0,1.5707963267948966
9.394,-0.642877358490566,0.0,0.0,0.0,1.5707963267948966
9.394,-0.6345283018867924,0.0,0.0,0.0,1.5707963267948966
9.394,-0.6261792452830188,0.0,0.0,0.0,1.5707963267948966
9.394,-0.6178301886792452,0.0,0.0,0.0,1.5707963267948966
9.394,-0.6094811320754716,0.0,0.0,0.0,1.5707963267948966
9.394,-0.601132075471698,0.0,0.0,0.0,1.5707963267948966
9.394,-0.5927830188679248,0.0,0.0,0.0,1.5707963267948966
9.394,-0.5844339622641512,0.0,0.0,0.0,1.5707963267948966
9.394,-0.5760849056603772,0.0,0.0,0.0,1.5707963267948966
9.394,-0.5677358490566036,0.0,0.0,0.0,1.5707963267948966
9.394,-0.5593867924528304,0.0,0.0,0.0,1.5707963267948966
9.394,-0.5510377358490568,0.0,0.0,0.0,1.5707963267948966
9.394,-0.5426886792452832,0.0,0.0,0.0,1.5707963267948966
9.394,-0.5343396226415091,0.0,0.0,0.0,1.5707963267948966
9.394,-0.525990566037736,0.0,0.0,0.0,1.5707963267948966
9.394,-0.5176415094339624,0.0,0.0,0.0,1.5707963267948966
9.394,-0.5092924528301888,0.0,0.0,0.0,1.5707963267948966
9.394,-0.5009433962264151,0.0,0.0,0.0,1.5707963267948966
9.394,-0.49259433962264154,0.0,0.0,0.0,1.5707963267948966
9.394,-0.48424528301886793,0.0,0.0,0.0,1.5707963267948966
9.394,-0.4758962264150943,0.0,0.0,0.0,1.5707963267948966
9.394,-0.4675471698113207,0.0,0.0,0.0,1.5707963267948966
9.394,-0.45919811320754755,0.0,0.0,0.0,1.5707963267948966
9.394,-0.4508490566037735,0.0,0.0,0.0,1.5707963267948966
9.394,-0.4424999999999999,0.0,0.0,0.0,1.5707963267948966
9.394,-0.4341509433962263,0.0,0.0,0.0,1.5707963267948966
9.394,-0.4258018867924527,0.0,0.0,0.0,1.5707963267948966
9.394,-0.4174528301886795,0.0,0.0,0.0,1.5707963267948966
9.394,-0.40910377358490546,0.0,0.0,0.0,1.5707963267948966
9.394,-0.40075471698113185,0.0,0.0,0.0,1.5707963267948966
9.394,-0.39240566037735825,0.0,0.0,0.0,1.5707963267948966
9.394,-0.3840566037735851,0.0,0.0,0.0,1.5707963267948966
9.394,-0.3757075471698115,0.0,0.0,0.0,1.5707963267948966
9.394,-0.36735849056603787,0.0,0.0,0.0,1.5707963267948966
9.394,-0.3590094339622638,0.0,0.0,0.0,1.5707963267948966
9.394,-0.35066037735849065,0.0,0.0,0.0,1.5707963267948966
9.394,-0.34231132075471704,0.0,0.0,0.0,1.5707963267948966
9.394,-0.33396226415094343,0.0,0.0,0.0,1.5707963267948966
9.394,-0.3256132075471698,0.0,0.0,0.0,1.5707963267948966
9.394,-0.3172641509433962,0.0,0.0,0.0,1.5707963267948966
9.394,-0.3089150943396226,0.0,0.0,0.0,1.5707963267948966
9.394,-0.300566037735849,0.0,0.0,0.0,1.5707963267948966
9.394,-0.2922169811320754,0.0,0.0,0.0,1.5707963267948966
9.394,-0.28386792452830223,0.0,0.0,0.0,1.5707963267948966
9.394,-0.2755188679245282,0.0,0.0,0.0,1.5707963267948966
9.394,-0.26716981132075457,0.0,0.0,0.0,1.5707963267948966
9.394,-0.25882075471698096,0.0,0.0,0.0,1.5707963267948966
9.394,-0.2504716981132078,0.0,0.0,0.0,1.5707963267948966
9.394,-0.2421226415094342,0.0,0.0,0.0,1.5707963267948966
9.394,-0.23377358490566014,0.0,0.0,0.0,1.5707963267948966
9.394,-0.22542452830188653,0.0,0.0,0.0,1.5707963267948966
9.394,-0.21707547169811336,0.0,0.0,0.0,1.5707963267948966
9.394,-0.20872641509433976,0.0,0.0,0.0,1.5707963267948966
9.394,-0.20037735849056615,0.0,0.0,0.0,1.5707963267948966
9.394,-0.1920283018867921,0.0,0.0,0.0,1.5707963267948966
9.394,-0.18367924528301893,0.0,0.0,0.0,1.5707963267948966
9.394,-0.17533018867924532,0.0,0.0,0.0,1.5707963267948966
9.394,-0.16698113207547172,0.0,0.0,0.0,1.5707963267948966
9.394,-0.1586320754716981,0.0,0.0,0.0,1.5707963267948966
9.394,-0.1502830188679245,0.0,0.0,0.0,1.5707963267948966
9.394,-0.1419339622641509,0.0,0.0,0.0,1.5707963267948966
9.394,-0.13358490566037728,0.0,0.0,0.0,1.5707963267948966
9.394,-0.12523584905660368,0.0,0.0,0.0,1.5707963267948966
9.394,-0.11688679245283051,0.0,0.0,0.0,1.5707963267948966
9.394,-0.10853773584905646,0.0,0.0,0.0,1.5707963267948966
9.394,-0.10018867924528285,0.0,0.0,0.0,1.5707963267948966
9.394,-0.09183962264150924,0.0,0.0,0.0,1.5707963267948966
9.394,-0.08349056603773608,0.0,0.0,0.0,1.5707963267948966
9.394,-0.07514150943396247,0.0,0.0,0.0,1.5707963267948966
9.394,-0.06679245283018886,0.0,0.0,0.0,1.5707963267948966
9.394,-0.05844339622641481,0.0,0.0,0.0,1.5707963267948966
9.394,-0.05009433962264165,0.0,0.0,0.0,1.5707963267948966
9.394,-0.04174528301886804,0.0,0.0,0.0,1.5707963267948966
9.394,-0.03339622641509443,0.0,0.0,0.0,1.5707963267948966
9.394,-0.025047169811320824,0.0,0.0,0.0,1.5707963267948966
9.394,-0.016698113207547216,0.0,0.0,0.0,1.5707963267948966
9.394,-0.008349056603773608,0.0,0.0,0.0,1.5707963267948966
9.394,0.0,0.0,0.0,0.0,3.141592653589793
9.379518867924528,0.0,0.0,0.0,0.0,3.141592653589793
9.365037735849057,0.0,0.0,0.0,0.0,3.141592653589793
9.350556603773585,0.0,0.0,0.0,0.0,3.141592653589793
9.336075471698113,0.0,0.0,0.0,0.0,3.141592653589793
9.321594339622642,0.0,0.0,0.0,0.0,3.141592653589793
9.30711320754717,0.0,0.0,0.0,0.0,3.141592653589793
9.292632075471698,0.0,0.0,0.0,0.0,3.141592653589793
9.278150943396227,0.0,0.0,0.0,0.0,3.141592653589793
9.263669811320755,0.0,0.0,0.0,0.0,3.141592653589793
9.249188679245282,0.0,0.0,0.0,0.0,3.141592653589793
9.234707547169812,0.0,0.0,0.0,0.0,3.141592653589793
9.22022641509434,0.0,0.0,0.0,0.0,3.141592653589793
9.205745283018867,0.0,0.0,0.0,0.0,3.141592653589793
9.191264150943397,0.0,0.0,0.0,0.0,3.141592653589793
9.176783018867924,0.0,0.0,0.0,0.0,3.141592653589793
9.162301886792452,0.0,0.0,0.0,0.0,3.141592653589793
9.147820754716982,0.0,0.0,0.0,0.0,3.141592653589793
9.13333962264151,0.0,0.0,0.0,0.0,3.141592653589793
9.118858490566037,0.0,0.0,0.0,0.0,3.141592653589793
9.104377358490567,0.0,0.0,0.0,0.0,3.141592653589793
9.089896226415094,0.0,0.0,0.0,0.0,3.141592653589793
9.075415094339622,0.0,0.0,0.0,0.0,3.141592653589793
9.060933962264151,0.0,0.0,0.0,0.0,3.141592653589793
9.046452830188679,0.0,0.0,0.0,0.0,3.141592653589793
9.031971698113207,0.0,0.0,0.0,0.0,3.141592653589793
9.017490566037736,0.0,0.0,0.0,0.0,3.141592653589793
9.003009433962264,0.0,0.0,0.0,0.0,3.141592653589793
8.988528301886792,0.0,0.0,0.0,0.0,3.141592653589793
8.974047169811321,0.0,0.0,0.0,0.0,3.141592653589793
8.959566037735849,0.0,0.0,0.0,0.0,3.141592653589793
8.945084905660378,0.0,0.0,0.0,0.0,3.141592653589793
8.930603773584906,0.0,0.0,0.0,0.0,3.141592653589793
8.916122641509434,0.0,0.0,0.0,0.0,3.141592653589793
8.901641509433963,0.0,0.0,0.0,0.0,3.141592653589793
8.88716037735849,0.0,0.0,0.0,0.0,3.141592653589793
8.872679245283019,0.0,0.0,0.0,0.0,3.141592653589793
8.858198113207548,0.0,0.0,0.0,0.0,3.141592653589793
8.843716981132076,0.0,0.0,0.0,0.0,3.141592653589793
8.829235849056603,0.0,0.0,0.0,0.0,3.141592653589793
8.814754716981133,0.0,0.0,0.0,0.0,3.141592653589793
8.80027358490566,0.0,0.0,0.0,0.0,3.141592653589793
8.785792452830188,0.0,0.0,0.0,0.0,3.141592653589793
8.771311320754718,0.0,0.0,0.0,0.0,3.141592653589793
8.756830188679245,0.0,0.0,0.0,0.0,3.141592653589793
8.742349056603773,0.0,0.0,0.0,0.0,3.141592653589793
8.727867924528303,0.0,0.0,0.0,0.0,3.141592653589793
8.71338679245283,0.0,0.0,0.0,0.0,3.141592653589793
8.698905660377358,0.0,0.0,0.0,0.0,3.141592653589793
8.684424528301887,0.0,0.0,0.0,0.0,3.141592653589793
8.669943396226415,0.0,0.0,0.0,0.0,3.141592653589793
8.655462264150943,0.0,0.0,0.0,0.0,3.141592653589793
8.640981132075472,0.0,0.0,0.0,0.0,3.141592653589793
8.6265,0.0,0.0,0.0,0.0,3.141592653589793
8.612018867924528,0.0,0.0,0.0,0.0,3.141592653589793
8.597537735849057,0.0,0.0,0.0,0.0,3.141592653589793
8.583056603773585,0.0,0.0,0.0,0.0,3.141592653589793
8.568575471698113,0.0,0.0,0.0,0.0,3.141592653589793
8.554094339622642,0.0,0.0,0.0,0.0,3.141592653589793
8.53961320754717,0.0,0.0,0.0,0.0,3.141592653589793
8.525132075471697,0.0,0.0,0.0,0.0,3.141592653589793
8.510650943396227,0.0,0.0,0.0,0.0,3.141592653589793
8.496169811320755,0.0,0.0,0.0,0.0,3.141592653589793
8.481688679245282,0.0,0.0,0.0,0.0,3.141592653589793
8.467207547169812,0.0,0.0,0.0,0.0,3.141592653589793
8.45272641509434,0.0,0.0,0.0,0.0,3.141592653589793
8.438245283018867,0.0,0.0,0.0,0.0,3.141592653589793
8.423764150943397,0.0,0.0,0.0,0.0,3.141592653589793
8.409283018867924,0.0,0.0,0.0,0.0,3.141592653589793
8.394801886792452,0.0,0.0,0.0,0.0,3.141592653589793
8.380320754716982,0.0,0.0,0.0,0.0,3.141592653589793
8.36583962264151,0.0,0.0,0.0,0.0,3.141592653589793
8.351358490566039,0.0,0.0,0.0,0.0,3.141592653589793
8.336877358490566,0.0,0.0,0.0,0.0,3.141592653589793
8.322396226415094,0.0,0.0,0.0,0.0,3.141592653589793
8.307915094339624,0.0,0.0,0.0,0.0,3.141592653589793
8.293433962264151,0.0,0.0,0.0,0.0,3.141592653589793
8.278952830188679,0.0,0.0,0.0,0.0,3.141592653589793
8.264471698113208,0.0,0.0,0.0,0.0,3.141592653589793
8.249990566037736,0.0,0.0,0.0,0.0,3.141592653589793
8.235509433962264,0.0,0.0,0.0,0.0,3.141592653589793
8.221028301886793,0.0,0.0,0.0,0.0,3.141592653589793
8.206547169811321,0.0,0.0,0.0,0.0,3.141592653589793
8.192066037735849,0.0,0.0,0.0,0.0,3.141592653589793
8.177584905660378,0.0,0.0,0.0,0.0,3.141592653589793
8.163103773584906,0.0,0.0,0.0,0.0,3.141592653589793
8.148622641509434,0.0,0.0,0.0,0.0,3.141592653589793
8.134141509433963,0.0,0.0,0.0,0.0,3.141592653589793
8.11966037735849,0.0,0.0,0.0,0.0,3.141592653589793
8.105179245283018,0.0,0.0,0.0,0.0,3.141592653589793
8.090698113207548,0.0,0.0,0.0,0.0,3.141592653589793
8.076216981132076,0.0,0.0,0.0,0.0,3.141592653589793
8.061735849056603,0.0,0.0,0.0,0.0,3.141592653589793
8.047254716981133,0.0,0.0,0.0,0.0,3.141592653589793
8.03277358490566,0.0,0.0,0.0,0.0,3.141592653589793
8.018292452830188,0.0,0.0,0.0,0.0,3.141592653589793
8.003811320754718,0.0,0.0,0.0,0.0,3.141592653589793
7.989330188679245,0.0,0.0,0.0,0.0,3.141592653589793
7.974849056603773,0.0,0.0,0.0,0.0,3.141592653589793
7.960367924528302,0.0,0.0,0.0,0.0,3.141592653589793
7.94588679245283,0.0,0.0,0.0,0.0,3.141592653589793
7.931405660377358,0.0,0.0,0.0,0.0,3.141592653589793
7.9169245283018865,0.0,0.0,0.0,0.0,3.141592653589793
7.902443396226415,0.0,0.0,0.0,0.0,3.141592653589793
7.887962264150944,0.0,0.0,0.0,0.0,3.141592653589793
7.873481132075471,0.0,0.0,0.0,0.0,3.141592653589793
7.859,0.0,0.0,0.0,0.0,3.141592653589793
7.844518867924528,0.0,0.0,0.0,0.0,3.141592653589793
7.830037735849056,0.0,0.0,0.0,0.0,3.141592653589793
7.815556603773585,0.0,0.0,0.0,0.0,3.141592653589793
7.801075471698113,0.0,0.0,0.0,0.0,3.141592653589793
7.786594339622641,0.0,0.0,0.0,0.0,3.141592653589793
7.77211320754717,0.0,0.0,0.0,0.0,3.141592653589793
7.757632075471697,0.0,0.0,0.0,0.0,3.141592653589793
7.743150943396227,0.0,0.0,0.0,0.0,3.141592653589793
7.728669811320755,0.0,0.0,0.0,0.0,3.141592653589793
7.714188679245283,0.0,0.0,0.0,0.0,3.141592653589793
7.699707547169811,0.0,0.0,0.0,0.0,3.141592653589793
7.6852264150943395,0.0,0.0,0.0,0.0,3.141592653589793
7.670745283018868,0.0,0.0,0.0,0.0,3.141592653589793
7.656264150943397,0.0,0.0,0.0,0.0,3.141592653589793
7.641783018867924,0.0,0.0,0.0,0.0,3.141592653589793
7.627301886792453,0.0,0.0,0.0,0.0,3.141592653589793
7.6128207547169815,0.0,0.0,0.0,0.0,3.141592653589793
7.598339622641509,0.0,0.0,0.0,0.0,3.141592653589793
7.583858490566038,0.0,0.0,0.0,0.0,3.141592653589793
7.569377358490566,0.0,0.0,0.0,0.0,3.141592653589793
7.554896226415094,0.0,0.0,0.0,0.0,3.141592653589793
7.540415094339623,0.0,0.0,0.0,0.0,3.141592653589793
7.525933962264151,0.0,0.0,0.0,0.0,3.141592653589793
7.511452830188679,0.0,0.0,0.0,0.0,3.141592653589793
7.4969716981132075,0.0,0.0,0.0,0.0,3.141592653589793
7.482490566037736,0.0,0.0,0.0,0.0,3.141592653589793
7.468009433962264,0.0,0.0,0.0,0.0,3.141592653589793
7.453528301886792,0.0,0.0,0.0,0.0,3.141592653589793
7.439047169811321,0.0,0.0,0.0,0.0,3.141592653589793
7.424566037735849,0.0,0.0,0.0,0.0,3.141592653589793
7.410084905660377,0.0,0.0,0.0,0.0,3.141592653589793
7.395603773584906,0.0,0.0,0.0,0.0,3.141592653589793
7.3811226415094335,0.0,0.0,0.0,0.0,3.141592653589793
7.366641509433962,0.0,0.0,0.0,0.0,3.141592653589793
7.352160377358491,0.0,0.0,0.0,0.0,3.141592653589793
7.337679245283018,0.0,0.0,0.0,0.0,3.141592653589793
7.323198113207547,0.0,0.0,0.0,0.0,3.141592653589793
7.308716981132076,0.0,0.0,0.0,0.0,3.141592653589793
7.294235849056603,0.0,0.0,0.0,0.0,3.141592653589793
7.279754716981133,0.0,0.0,0.0,0.0,3.141592653589793
7.26527358490566,0.0,0.0,0.0,0.0,3.141592653589793
7.250792452830188,0.0,0.0,0.0,0.0,3.141592653589793
7.236311320754717,0.0,0.0,0.0,0.0,3.141592653589793
7.221830188679245,0.0,0.0,0.0,0.0,3.141592653589793
7.207349056603773,0.0,0.0,0.0,0.0,3.141592653589793
7.1928679245283025,0.0,0.0,0.0,0.0,3.141592653589793
7.17838679245283,0.0,0.0,0.0,0.0,3.141592653589793
7.163905660377359,0.0,0.0,0.0,0.0,3.141592653589793
7.149424528301887,0.0,0.0,0.0,0.0,3.141592653589793
7.134943396226415,0.0,0.0,0.0,0.0,3.141592653589793
7.120462264150943,0.0,0.0,0.0,0.0,3.141592653589793
7.105981132075472,0.0,0.0,0.0,0.0,3.141592653589793
7.0915,0.0,0.0,0.0,0.0,3.141592653589793
7.077018867924528,0.0,0.0,0.0,0.0,3.141592653589793
7.062537735849057,0.0,0.0,0.0,0.0,3.141592653589793
7.048056603773585,0.0,0.0,0.0,0.0,3.141592653589793
7.0335754716981125,0.0,0.0,0.0,0.0,3.141592653589793
7.019094339622641,0.0,0.0,0.0,0.0,3.141592653589793
7.00461320754717,0.0,0.0,0.0,0.0,3.141592653589793
6.990132075471697,0.0,0.0,0.0,0.0,3.141592653589793
6.975650943396227,0.0,0.0,0.0,0.0,3.141592653589793
6.9611698113207545,0.0,0.0,0.0,0.0,3.141592653589793
6.946688679245283,0.0,0.0,0.0,0.0,3.141592653589793
6.932207547169812,0.0,0.0,0.0,0.0,3.141592653589793
6.917726415094339,0.0,0.0,0.0,0.0,3.141592653589793
6.903245283018867,0.0,0.0,0.0,0.0,3.141592653589793
6.888764150943397,0.0,0.0,0.0,0.0,3.141592653589793
6.874283018867924,0.0,0.0,0.0,0.0,3.141592653589793
6.859801886792453,0.0,0.0,0.0,0.0,3.141592653589793
6.845320754716981,0.0,0.0,0.0,0.0,3.141592653589793
6.830839622641509,0.0,0.0,0.0,0.0,3.141592653589793
6.816358490566038,0.0,0.0,0.0,0.0,3.141592653589793
6.801877358490566,0.0,0.0,0.0,0.0,3.141592653589793
6.787396226415094,0.0,0.0,0.0,0.0,3.141592653589793
6.772915094339623,0.0,0.0,0.0,0.0,3.141592653589793
6.758433962264151,0.0,0.0,0.0,0.0,3.141592653589793
6.743952830188679,0.0,0.0,0.0,0.0,3.141592653589793
6.7294716981132074,0.0,0.0,0.0,0.0,3.141592653589793
6.714990566037736,0.0,0.0,0.0,0.0,3.141592653589793
6.700509433962264,0.0,0.0,0.0,0.0,3.141592653589793
6.686028301886792,0.0,0.0,0.0,0.0,3.141592653589793
6.671547169811321,0.0,0.0,0.0,0.0,3.141592653589793
6.657066037735849,0.0,0.0,0.0,0.0,3.141592653589793
6.642584905660377,0.0,0.0,0.0,0.0,3.141592653589793
6.628103773584906,0.0,0.0,0.0,0.0,3.141592653589793
6.6136226415094335,0.0,0.0,0.0,0.0,3.141592653589793
6.599141509433962,0.0,0.0,0.0,0.0,3.141592653589793
6.584660377358491,0.0,0.0,0.0,0.0,3.141592653589793
6.570179245283018,0.0,0.0,0.0,0.0,3.141592653589793
6.555698113207547,0.0,0.0,0.0,0.0,3.141592653589793
6.5412169811320755,0.0,0.0,0.0,0.0,3.141592653589793
6.526735849056603,0.0,0.0,0.0,0.0,3.141592653589793
6.512254716981133,0.0,0.0,0.0,0.0,3.141592653589793
6.49777358490566,0.0,0.0,0.0,0.0,3.141592653589793
6.483292452830188,0.0,0.0,0.0,0.0,3.141592653589793
6.468811320754717,0.0,0.0,0.0,0.0,3.141592653589793
6.454330188679245,0.0,0.0,0.0,0.0,3.141592653589793
6.439849056603773,0.0,0.0,0.0,0.0,3.141592653589793
6.425367924528302,0.0,0.0,0.0,0.0,3.141592653589793
6.41088679245283,0.0,0.0,0.0,0.0,3.141592653589793
6.396405660377359,0.0,0.0,0.0,0.0,3.141592653589793
6.381924528301887,0.0,0.0,0.0,0.0,3.141592653589793
6.367443396226415,0.0,0.0,0.0,0.0,3.141592653589793
6.352962264150943,0.0,0.0,0.0,0.0,3.141592653589793
6.338481132075472,0.0,0.0,0.0,0.0,3.141592653589793
6.324,0.0,0.0,0.0,0.0,3.141592653589793
6.3095188679245275,0.0,0.0,0.0,0.0,3.141592653589793
6.295037735849056,0.0,0.0,0.0,0.0,3.141592653589793
6.280556603773585,0.0,0.0,0.0,0.0,3.141592653589793
6.266075471698112,0.0,0.0,0.0,0.0,3.141592653589793
6.251594339622641,0.0,0.0,0.0,0.0,3.141592653589793
6.23711320754717,0.0,0.0,0.0,0.0,3.141592653589793
6.222632075471698,0.0,0.0,0.0,0.0,3.141592653589793
6.208150943396227,0.0,0.0,0.0,0.0,3.141592653589793
6.1936698113207544,0.0,0.0,0.0,0.0,3.141592653589793
6.179188679245282,0.0,0.0,0.0,0.0,3.141592653589793
6.164707547169812,0.0,0.0,0.0,0.0,3.141592653589793
6.150226415094339,0.0,0.0,0.0,0.0,3.141592653589793
6.135745283018867,0.0,0.0,0.0,0.0,3.141592653589793
6.121264150943396,0.0,0.0,0.0,0.0,3.141592653589793
6.106783018867924,0.0,0.0,0.0,0.0,3.141592653589793
6.092301886792453,0.0,0.0,0.0,0.0,3.141592653589793
6.077820754716981,0.0,0.0,0.0,0.0,3.141592653589793
6.063339622641509,0.0,0.0,0.0,0.0,3.141592653589793
6.048858490566038,0.0,0.0,0.0,0.0,3.141592653589793
6.034377358490566,0.0,0.0,0.0,0.0,3.141592653589793
6.019896226415094,0.0,0.0,0.0,0.0,3.141592653589793
6.005415094339622,0.0,0.0,0.0,0.0,3.141592653589793
5.990933962264151,0.0,0.0,0.0,0.0,3.141592653589793
5.976452830188679,0.0,0.0,0.0,0.0,3.141592653589793
5.961971698113207,0.0,0.0,0.0,0.0,3.141592653589793
5.947490566037736,0.0,0.0,0.0,0.0,3.141592653589793
5.933009433962264,0.0,0.0,0.0,0.0,3.141592653589793
5.918528301886792,0.0,0.0,0.0,0.0,3.141592653589793
5.904047169811321,0.0,0.0,0.0,0.0,3.141592653589793
5.8895660377358485,0.0,0.0,0.0,0.0,3.141592653589793
5.875084905660378,0.0,0.0,0.0,0.0,3.141592653589793
5.860603773584906,0.0,0.0,0.0,0.0,3.141592653589793
5.846122641509433,0.0,0.0,0.0,0.0,3.141592653589793
5.831641509433962,0.0,0.0,0.0,0.0,3.141592653589793
5.817160377358491,0.0,0.0,0.0,0.0,3.141592653589793
5.802679245283018,0.0,0.0,0.0,0.0,3.141592653589793
5.788198113207547,0.0,0.0,0.0,0.0,3.141592653589793
5.773716981132075,0.0,0.0,0.0,0.0,3.141592653589793
5.759235849056604,0.0,0.0,0.0,0.0,3.141592653589793
5.744754716981133,0.0,0.0,0.0,0.0,3.141592653589793
5.73027358490566,0.0,0.0,0.0,0.0,3.141592653589793
5.715792452830188,0.0,0.0,0.0,0.0,3.141592653589793
5.7013113207547175,0.0,0.0,0.0,0.0,3.141592653589793
5.686830188679245,0.0,0.0,0.0,0.0,3.141592653589793
5.672349056603773,0.0,0.0,0.0,0.0,3.141592653589793
5.6578679245283015,0.0,0.0,0.0,0.0,3.141592653589793
5.64338679245283,0.0,0.0,0.0,0.0,3.141592653589793
5.628905660377359,0.0,0.0,0.0,0.0,3.141592653589793
5.614424528301887,0.0,0.0,0.0,0.0,3.141592653589793
5.599943396226415,0.0,0.0,0.0,0.0,3.141592653589793
5.5854622641509435,0.0,0.0,0.0,0.0,3.141592653589793
5.570981132075472,0.0,0.0,0.0,0.0,3.141592653589793
5.5565,0.0,0.0,0.0,0.0,3.141592653589793
5.5420188679245275,0.0,0.0,0.0,0.0,3.141592653589793
5.527537735849056,0.0,0.0,0.0,0.0,3.141592653589793
5.513056603773585,0.0,0.0,0.0,0.0,3.141592653589793
5.498575471698112,0.0,0.0,0.0,0.0,3.141592653589793
5.484094339622641,0.0,0.0,0.0,0.0,3.141592653589793
5.4696132075471695,0.0,0.0,0.0,0.0,3.141592653589793
5.455132075471698,0.0,0.0,0.0,0.0,3.141592653589793
5.440650943396227,0.0,0.0,0.0,0.0,3.141592653589793
5.426169811320754,0.0,0.0,0.0,0.0,3.141592653589793
5.411688679245282,0.0,0.0,0.0,0.0,3.141592653589793
5.3972075471698115,0.0,0.0,0.0,0.0,3.141592653589793
5.382726415094339,0.0,0.0,0.0,0.0,3.141592653589793
5.368245283018868,0.0,0.0,0.0,0.0,3.141592653589793
5.3537641509433955,0.0,0.0,0.0,0.0,3.141592653589793
5.339283018867924,0.0,0.0,0.0,0.0,3.141592653589793
5.324801886792453,0.0,0.0,0.0,0.0,3.141592653589793
5.31032075471698,0.0,0.0,0.0,0.0,3.141592653589793
5.295839622641509,0.0,0.0,0.0,0.0,3.141592653589793
5.281358490566038,0.0,0.0,0.0,0.0,3.141592653589793
5.266877358490566,0.0,0.0,0.0,0.0,3.141592653589793
5.252396226415094,0.0,0.0,0.0,0.0,3.141592653589793
5.237915094339622,0.0,0.0,0.0,0.0,3.141592653589793
5.223433962264151,0.0,0.0,0.0,0.0,3.141592653589793
5.208952830188679,0.0,0.0,0.0,0.0,3.141592653589793
5.194471698113207,0.0,0.0,0.0,0.0,3.141592653589793
5.179990566037735,0.0,0.0,0.0,0.0,3.141592653589793
5.1655094339622645,0.0,0.0,0.0,0.0,3.141592653589793
5.151028301886792,0.0,0.0,0.0,0.0,3.141592653589793
5.136547169811321,0.0,0.0,0.0,0.0,3.141592653589793
5.1220660377358485,0.0,0.0,0.0,0.0,3.141592653589793
5.107584905660377,0.0,0.0,0.0,0.0,3.141592653589793
5.093103773584906,0.0,0.0,0.0,0.0,3.141592653589793
5.078622641509433,0.0,0.0,0.0,0.0,3.141592653589793
5.064141509433962,0.0,0.0,0.0,0.0,3.141592653589793
5.0496603773584905,0.0,0.0,0.0,0.0,3.141592653589793
5.035179245283019,0.0,0.0,0.0,0.0,3.141592653589793
5.020698113207547,0.0,0.0,0.0,0.0,3.141592653589793
5.006216981132075,0.0,0.0,0.0,0.0,3.141592653589793
4.991735849056604,0.0,0.0,0.0,0.0,3.141592653589793
4.977254716981132,0.0,0.0,0.0,0.0,3.141592653589793
4.96277358490566,0.0,0.0,0.0,0.0,3.141592653589793
4.948292452830188,0.0,0.0,0.0,0.0,3.141592653589793
4.933811320754717,0.0,0.0,0.0,0.0,3.141592653589793
4.919330188679245,0.0,0.0,0.0,0.0,3.141592653589793
4.904849056603774,0.0,0.0,0.0,0.0,3.141592653589793
4.890367924528301,0.0,0.0,0.0,0.0,3.141592653589793
4.87588679245283,0.0,0.0,0.0,0.0,3.141592653589793
4.8614056603773586,0.0,0.0,0.0,0.0,3.141592653589793
4.846924528301886,0.0,0.0,0.0,0.0,3.141592653589793
4.832443396226415,0.0,0.0,0.0,0.0,3.141592653589793
4.817962264150943,0.0,0.0,0.0,0.0,3.141592653589793
4.803481132075472,0.0,0.0,0.0,0.0,3.141592653589793
4.789,0.0,0.0,0.0,0.0,3.141592653589793
4.774518867924527,0.0,0.0,0.0,0.0,3.141592653589793
4.760037735849056,0.0,0.0,0.0,0.0,3.141592653589793
4.745556603773585,0.0,0.0,0.0,0.0,3.141592653589793
4.731075471698113,0.0,0.0,0.0,0.0,3.141592653589793
4.716594339622641,0.0,0.0,0.0,0.0,3.141592653589793
4.702113207547169,0.0,0.0,0.0,0.0,3.141592653589793
4.687632075471698,0.0,0.0,0.0,0.0,3.141592653589793
4.673150943396226,0.0,0.0,0.0,0.0,3.141592653589793
4.658669811320754,0.0,0.0,0.0,0.0,3.141592653589793
4.644188679245282,0.0,0.0,0.0,0.0,3.141592653589793
4.6297075471698115,0.0,0.0,0.0,0.0,3.141592653589793
4.615226415094339,0.0,0.0,0.0,0.0,3.141592653589793
4.600745283018868,0.0,0.0,0.0,0.0,3.141592653589793
4.5862641509433955,0.0,0.0,0.0,0.0,3.141592653589793
4.571783018867924,0.0,0.0,0.0,0.0,3.141592653589793
4.557301886792453,0.0,0.0,0.0,0.0,3.141592653589793
4.54282075471698,0.0,0.0,0.0,0.0,3.141592653589793
4.528339622641509,0.0,0.0,0.0,0.0,3.141592653589793
4.5138584905660375,0.0,0.0,0.0,0.0,3.141592653589793
4.499377358490566,0.0,0.0,0.0,0.0,3.141592653589793
4.484896226415094,0.0,0.0,0.0,0.0,3.141592653589793
4.470415094339622,0.0,0.0,0.0,0.0,3.141592653589793
4.455933962264151,0.0,0.0,0.0,0.0,3.141592653589793
4.441452830188679,0.0,0.0,0.0,0.0,3.141592653589793
4.426971698113207,0.0,0.0,0.0,0.0,3.141592653589793
4.412490566037735,0.0,0.0,0.0,0.0,3.141592653589793
4.398009433962264,0.0,0.0,0.0,0.0,3.141592653589793
4.383528301886792,0.0,0.0,0.0,0.0,3.141592653589793
4.369047169811321,0.0,0.0,0.0,0.0,3.141592653589793
4.354566037735848,0.0,0.0,0.0,0.0,3.141592653589793
4.340084905660377,0.0,0.0,0.0,0.0,3.141592653589793
4.3256037735849056,0.0,0.0,0.0,0.0,3.141592653589793
4.311122641509433,0.0,0.0,0.0,0.0,3.141592653589793
4.296641509433962,0.0,0.0,0.0,0.0,3.141592653589793
4.28216037735849,0.0,0.0,0.0,0.0,3.141592653589793
4.267679245283019,0.0,0.0,0.0,0.0,3.141592653589793
4.253198113207547,0.0,0.0,0.0,0.0,3.141592653589793
4.238716981132075,0.0,0.0,0.0,0.0,3.141592653589793
4.224235849056604,0.0,0.0,0.0,0.0,3.141592653589793
4.209754716981132,0.0,0.0,0.0,0.0,3.141592653589793
4.19527358490566,0.0,0.0,0.0,0.0,3.141592653589793
4.180792452830188,0.0,0.0,0.0,0.0,3.141592653589793
4.166311320754717,0.0,0.0,0.0,0.0,3.141592653589793
4.151830188679245,0.0,0.0,0.0,0.0,3.141592653589793
4.137349056603774,0.0,0.0,0.0,0.0,3.141592653589793
4.122867924528301,0.0,0.0,0.0,0.0,3.141592653589793
4.10838679245283,0.0,0.0,0.0,0.0,3.141592653589793
4.0939056603773585,0.0,0.0,0.0,0.0,3.141592653589793
4.079424528301886,0.0,0.0,0.0,0.0,3.141592653589793
4.064943396226415,0.0,0.0,0.0,0.0,3.141592653589793
4.050462264150943,0.0,0.0,0.0,0.0,3.141592653589793
4.035981132075472,0.0,0.0,0.0,0.0,3.141592653589793
4.0215,0.0,0.0,0.0,0.0,3.141592653589793
4.007018867924527,0.0,0.0,0.0,0.0,3.141592653589793
3.992537735849056,0.0,0.0,0.0,0.0,3.141592653589793
3.9780566037735845,0.0,0.0,0.0,0.0,3.141592653589793
3.963575471698113,0.0,0.0,0.0,0.0,3.141592653589793
3.949094339622641,0.0,0.0,0.0,0.0,3.141592653589793
3.9346132075471694,0.0,0.0,0.0,0.0,3.141592653589793
3.920132075471698,0.0,0.0,0.0,0.0,3.141592653589793
3.9056509433962256,0.0,0.0,0.0,0.0,3.141592653589793
3.8911698113207542,0.0,0.0,0.0,0.0,3.141592653589793
3.876688679245282,0.0,0.0,0.0,0.0,3.141592653589793
3.8622075471698114,0.0,0.0,0.0,0.0,3.141592653589793
3.847726415094339,0.0,0.0,0.0,0.0,3.141592653589793
3.8332452830188677,0.0,0.0,0.0,0.0,3.141592653589793
3.8187641509433954,0.0,0.0,0.0,0.0,3.141592653589793
3.804283018867924,0.0,0.0,0.0,0.0,3.141592653589793
3.7898018867924526,0.0,0.0,0.0,0.0,3.141592653589793
3.7753207547169803,0.0,0.0,0.0,0.0,3.141592653589793
3.760839622641509,0.0,0.0,0.0,0.0,3.141592653589793
3.7463584905660374,0.0,0.0,0.0,0.0,3.141592653589793
3.731877358490566,0.0,0.0,0.0,0.0,3.141592653589793
3.7173962264150937,0.0,0.0,0.0,0.0,3.141592653589793
3.7029150943396223,0.0,0.0,0.0,0.0,3.141592653589793
3.688433962264151,0.0,0.0,0.0,0.0,3.141592653589793
3.6739528301886786,0.0,0.0,0.0,0.0,3.141592653589793
3.659471698113207,0.0,0.0,0.0,0.0,3.141592653589793
3.644990566037735,0.0,0.0,0.0,0.0,3.141592653589793
3.6305094339622643,0.0,0.0,0.0,0.0,3.141592653589793
3.616028301886792,0.0,0.0,0.0,0.0,3.141592653589793
3.6015471698113206,0.0,0.0,0.0,0.0,3.141592653589793
3.5870660377358483,0.0,0.0,0.0,0.0,3.141592653589793
3.572584905660377,0.0,0.0,0.0,0.0,3.141592653589793
3.5581037735849055,0.0,0.0,0.0,0.0,3.141592653589793
3.543622641509433,0.0,0.0,0.0,0.0,3.141592653589793
3.5291415094339618,0.0,0.0,0.0,0.0,3.141592653589793
3.5146603773584904,0.0,0.0,0.0,0.0,3.141592653589793
3.500179245283019,0.0,0.0,0.0,0.0,3.141592653589793
3.4856981132075466,0.0,0.0,0.0,0.0,3.141592653589793
3.471216981132075,0.0,0.0,0.0,0.0,3.141592653589793
3.456735849056604,0.0,0.0,0.0,0.0,3.141592653589793
3.4422547169811315,0.0,0.0,0.0,0.0,3.141592653589793
3.42777358490566,0.0,0.0,0.0,0.0,3.141592653589793
3.413292452830188,0.0,0.0,0.0,0.0,3.141592653589793
3.3988113207547173,0.0,0.0,0.0,0.0,3.141592653589793
3.384330188679245,0.0,0.0,0.0,0.0,3.141592653589793
3.3698490566037735,0.0,0.0,0.0,0.0,3.141592653589793
3.3553679245283012,0.0,0.0,0.0,0.0,3.141592653589793
3.34088679245283,0.0,0.0,0.0,0.0,3.141592653589793
3.3264056603773584,0.0,0.0,0.0,0.0,3.141592653589793
3.311924528301886,0.0,0.0,0.0,0.0,3.141592653589793
3.2974433962264147,0.0,0.0,0.0,0.0,3.141592653589793
3.2829622641509433,0.0,0.0,0.0,0.0,3.141592653589793
3.268481132075472,0.0,0.0,0.0,0.0,3.141592653589793
3.254,0.0,0.0,0.0,0.0,-1.5707963267948966
3.254,-0.008349056603773585,0.0,0.0,0.0,-1.5707963267948966
3.254,-0.01669811320754717,0.0,0.0,0.0,-1.5707963267948966
3.254,-0.025047169811320755,0.0,0.0,0.0,-1.5707963267948966
3.254,-0.03339622641509434,0.0,0.0,0.0,-1.5707963267948966
3.254,-0.04174528301886793,0.0,0.0,0.0,-1.5707963267948966
3.254,-0.05009433962264151,0.0,0.0,0.0,-1.5707963267948966
3.254,-0.0584433962264151,0.0,0.0,0.0,-1.5707963267948966
3.254,-0.06679245283018868,0.0,0.0,0.0,-1.5707963267948966
3.254,-0.07514150943396226,0.0,0.0,0.0,-1.5707963267948966
3.254,-0.08349056603773586,0.0,0.0,0.0,-1.5707963267948966
3.254,-0.09183962264150944,0.0,0.0,0.0,-1.5707963267948966
3.254,-0.10018867924528302,0.0,0.0,0.0,-1.5707963267948966
3.254,-0.1085377358490566,0.0,0.0,0.0,-1.5707963267948966
3.254,-0.1168867924528302,0.0,0.0,0.0,-1.5707963267948966
3.254,-0.12523584905660376,0.0,0.0,0.0,-1.5707963267948966
3.254,-0.13358490566037737,0.0,0.0,0.0,-1.5707963267948966
3.254,-0.14193396226415095,0.0,0.0,0.0,-1.5707963267948966
3.254,-0.15028301886792453,0.0,0.0,0.0,-1.5707963267948966
3.254,-0.1586320754716981,0.0,0.0,0.0,-1.5707963267948966
3.254,-0.16698113207547172,0.0,0.0,0.0,-1.5707963267948966
3.254,-0.1753301886792453,0.0,0.0,0.0,-1.5707963267948966
3.254,-0.18367924528301888,0.0,0.0,0.0,-1.5707963267948966
3.254,-0.19202830188679246,0.0,0.0,0.0,-1.5707963267948966
3.254,-0.20037735849056604,0.0,0.0,0.0,-1.5707963267948966
3.254,-0.20872641509433962,0.0,0.0,0.0,-1.5707963267948966
3.254,-0.2170754716981132,0.0,0.0,0.0,-1.5707963267948966
3.254,-0.2254245283018868,0.0,0.0,0.0,-1.5707963267948966
3.254,-0.2337735849056604,0.0,0.0,0.0,-1.5707963267948966
3.254,-0.24212264150943397,0.0,0.0,0.0,-1.5707963267948966
3.254,-0.2504716981132075,0.0,0.0,0.0,-1.5707963267948966
3.254,-0.2588207547169811,0.0,0.0,0.0,-1.5707963267948966
3.254,-0.26716981132075474,0.0,0.0,0.0,-1.5707963267948966
3.254,-0.2755188679245283,0.0,0.0,0.0,-1.5707963267948966
3.254,-0.2838679245283019,0.0,0.0,0.0,-1.5707963267948966
3.254,-0.29221698113207545,0.0,0.0,0.0,-1.5707963267948966
3.254,-0.30056603773584906,0.0,0.0,0.0,-1.5707963267948966
3.254,-0.3089150943396226,0.0,0.0,0.0,-1.5707963267948966
3.254,-0.3172641509433962,0.0,0.0,0.0,-1.5707963267948966
3.254,-0.32561320754716977,0.0,0.0,0.0,-1.5707963267948966
3.254,-0.33396226415094343,0.0,0.0,0.0,-1.5707963267948966
3.254,-0.342311320754717,0.0,0.0,0.0,-1.5707963267948966
3.254,-0.3506603773584906,0.0,0.0,0.0,-1.5707963267948966
3.254,-0.35900943396226415,0.0,0.0,0.0,-1.5707963267948966
3.254,-0.36735849056603775,0.0,0.0,0.0,-1.5707963267948966
3.254,-0.37570754716981136,0.0,0.0,0.0,-1.5707963267948966
3.254,-0.3840566037735849,0.0,0.0,0.0,-1.5707963267948966
3.254,-0.3924056603773585,0.0,0.0,0.0,-1.5707963267948966
3.254,-0.4007547169811321,0.0,0.0,0.0,-1.5707963267948966
3.254,-0.4091037735849057,0.0,0.0,0.0,-1.5707963267948966
3.254,-0.41745283018867924,0.0,0.0,0.0,-1.5707963267948966
3.254,-0.42580188679245284,0.0,0.0,0.0,-1.5707963267948966
3.254,-0.4341509433962264,0.0,0.0,0.0,-1.5707963267948966
3.254,-0.4425,0.0,0.0,0.0,-1.5707963267948966
3.254,-0.4508490566037736,0.0,0.0,0.0,-1.5707963267948966
3.254,-0.45919811320754716,0.0,0.0,0.0,-1.5707963267948966
3.254,-0.4675471698113208,0.0,0.0,0.0,-1.5707963267948966
3.254,-0.4758962264150943,0.0,0.0,0.0,-1.5707963267948966
3.254,-0.48424528301886793,0.0,0.0,0.0,-1.5707963267948966
3.254,-0.4925943396226415,0.0,0.0,0.0,-1.5707963267948966
3.254,-0.500943396226415,0.0,0.0,0.0,-1.5707963267948966
3.254,-0.5092924528301886,0.0,0.0,0.0,-1.5707963267948966
3.254,-0.5176415094339623,0.0,0.0,0.0,-1.5707963267948966
3.254,-0.5259905660377359,0.0,0.0,0.0,-1.5707963267948966
3.254,-0.5343396226415095,0.0,0.0,0.0,-1.5707963267948966
3.254,-0.542688679245283,0.0,0.0,0.0,-1.5707963267948966
3.254,-0.5510377358490566,0.0,0.0,0.0,-1.5707963267948966
3.254,-0.5593867924528302,0.0,0.0,0.0,-1.5707963267948966
3.254,-0.5677358490566038,0.0,0.0,0.0,-1.5707963267948966
3.254,-0.5760849056603773,0.0,0.0,0.0,-1.5707963267948966
3.254,-0.5844339622641509,0.0,0.0,0.0,-1.5707963267948966
3.254,-0.5927830188679245,0.0,0.0,0.0,-1.5707963267948966
3.254,-0.6011320754716981,0.0,0.0,0.0,-1.5707963267948966
3.254,-0.6094811320754717,0.0,0.0,0.0,-1.5707963267948966
3.254,-0.6178301886792452,0.0,0.0,0.0,-1.5707963267948966
3.254,-0.6261792452830188,0.0,0.0,0.0,-1.5707963267948966
3.254,-0.6345283018867924,0.0,0.0,0.0,-1.5707963267948966
3.254,-0.642877358490566,0.0,0.0,0.0,-1.5707963267948966
3.254,-0.6512264150943395,0.0,0.0,0.0,-1.5707963267948966
3.254,-0.6595754716981131,0.0,0.0,0.0,-1.5707963267948966
3.254,-0.6679245283018869,0.0,0.0,0.0,-1.5707963267948966
3.254,-0.6762735849056605,0.0,0.0,0.0,-1.5707963267948966
3.254,-0.684622641509434,0.0,0.0,0.0,-1.5707963267948966
3.254,-0.6929716981132076,0.0,0.0,0.0,-1.5707963267948966
3.254,-0.7013207547169812,0.0,0.0,0.0,-1.5707963267948966
3.254,-0.7096698113207548,0.0,0.0,0.0,-1.5707963267948966
3.254,-0.7180188679245283,0.0,0.0,0.0,-1.5707963267948966
3.254,-0.7263679245283019,0.0,0.0,0.0,-1.5707963267948966
3.254,-0.7347169811320755,0.0,0.0,0.0,-1.5707963267948966
3.254,-0.7430660377358491,0.0,0.0,0.0,-1.5707963267948966
3.254,-0.7514150943396227,0.0,0.0,0.0,-1.5707963267948966
3.254,-0.7597641509433962,0.0,0.0,0.0,-1.5707963267948966
3.254,-0.7681132075471698,0.0,0.0,0.0,-1.5707963267948966
3.254,-0.7764622641509434,0.0,0.0,0.0,-1.5707963267948966
3.254,-0.784811320754717,0.0,0.0,0.0,-1.5707963267948966
3.254,-0.7931603773584905,0.0,0.0,0.0,-1.5707963267948966
3.254,-0.8015094339622642,0.0,0.0,0.0,-1.5707963267948966
3.254,-0.8098584905660378,0.0,0.0,0.0,-1.5707963267948966
3.254,-0.8182075471698114,0.0,0.0,0.0,-1.5707963267948966
3.254,-0.826556603773585,0.0,0.0,0.0,-1.5707963267948966
3.254,-0.8349056603773585,0.0,0.0,0.0,-1.5707963267948966
3.254,-0.8432547169811321,0.0,0.0,0.0,-1.5707963267948966
3.254,-0.8516037735849057,0.0,0.0,0.0,-1.5707963267948966
3.254,-0.8599528301886793,0.0,0.0,0.0,-1.5707963267948966
3.254,-0.8683018867924528,0.0,0.0,0.0,-1.5707963267948966
3.254,-0.8766509433962264,0.0,0.0,0.0,-1.5707963267948966
3.254,-0.885,0.0,0.0,0.0,-1.5707963267948966
3.254,-0.8933490566037737,0.0,0.0,0.0,-1.5707963267948966
3.254,-0.9016981132075472,0.0,0.0,0.0,-1.5707963267948966
3.254,-0.9100471698113208,0.0,0.0,0.0,-1.5707963267948966
3.254,-0.9183962264150943,0.0,0.0,0.0,-1.5707963267948966
3.254,-0.926745283018868,0.0,0.0,0.0,-1.5707963267948966
3.254,-0.9350943396226415,0.0,0.0,0.0,-1.5707963267948966
3.254,-0.9434433962264152,0.0,0.0,0.0,-1.5707963267948966
3.254,-0.9517924528301887,0.0,0.0,0.0,-1.5707963267948966
3.254,-0.9601415094339624,0.0,0.0,0.0,-1.5707963267948966
3.254,-0.9684905660377359,0.0,0.0,0.0,-1.5707963267948966
3.254,-0.9768396226415095,0.0,0.0,0.0,-1.5707963267948966
3.254,-0.985188679245283,0.0,0.0,0.0,-1.5707963267948966
3.254,-0.9935377358490567,0.0,0.0,0.0,-1.5707963267948966
3.254,-1.00188679245283,0.0,0.0,0.0,-1.5707963267948966
3.254,-1.010235849056604,0.0,0.0,0.0,-1.5707963267948966
3.254,-1.0185849056603773,0.0,0.0,0.0,-1.5707963267948966
3.254,-1.0269339622641511,0.0,0.0,0.0,-1.5707963267948966
3.254,-1.0352830188679245,0.0,0.0,0.0,-1.5707963267948966
3.254,-1.0436320754716981,0.0,0.0,0.0,-1.5707963267948966
3.254,-1.0519811320754717,0.0,0.0,0.0,-1.5707963267948966
3.254,-1.0603301886792453,0.0,0.0,0.0,-1.5707963267948966
3.254,-1.068679245283019,0.0,0.0,0.0,-1.5707963267948966
3.254,-1.0770283018867925,0.0,0.0,0.0,-1.5707963267948966
3.254,-1.085377358490566,0.0,0.0,0.0,-1.5707963267948966
3.254,-1.0937264150943398,0.0,0.0,0.0,-1.5707963267948966
3.254,-1.1020754716981132,0.0,0.0,0.0,-1.5707963267948966
3.254,-1.1104245283018868,0.0,0.0,0.0,-1.5707963267948966
3.254,-1.1187735849056604,0.0,0.0,0.0,-1.5707963267948966
3.254,-1.127122641509434,0.0,0.0,0.0,-1.5707963267948966
3.254,-1.1354716981132076,0.0,0.0,0.0,-1.5707963267948966
3.254,-1.1438207547169812,0.0,0.0,0.0,-1.5707963267948966
3.254,-1.1521698113207546,0.0,0.0,0.0,-1.5707963267948966
3.254,-1.1605188679245284,0.0,0.0,0.0,-1.5707963267948966
3.254,-1.1688679245283018,0.0,0.0,0.0,-1.5707963267948966
3.254,-1.1772169811320756,0.0,0.0,0.0,-1.5707963267948966
3.254,-1.185566037735849,0.0,0.0,0.0,-1.5707963267948966
3.254,-1.1939150943396226,0.0,0.0,0.0,-1.5707963267948966
3.254,-1.2022641509433962,0.0,0.0,0.0,-1.5707963267948966
3.254,-1.2106132075471698,0.0,0.0,0.0,-1.5707963267948966
3.254,-1.2189622641509434,0.0,0.0,0.0,-1.5707963267948966
3.254,-1.227311320754717,0.0,0.0,0.0,-1.5707963267948966
3.254,-1.2356603773584904,0.0,0.0,0.0,-1.5707963267948966
3.254,-1.2440094339622643,0.0,0.0,0.0,-1.5707963267948966
3.254,-1.2523584905660377,0.0,0.0,0.0,-1.5707963267948966
3.254,-1.2607075471698113,0.0,0.0,0.0,-1.5707963267948966
3.254,-1.2690566037735849,0.0,0.0,0.0,-1.5707963267948966
3.254,-1.2774056603773585,0.0,0.0,0.0,-1.5707963267948966
3.254,-1.285754716981132,0.0,0.0,0.0,-1.5707963267948966
3.254,-1.2941037735849057,0.0,0.0,0.0,-1.5707963267948966
3.254,-1.302452830188679,0.0,0.0,0.0,-1.5707963267948966
3.254,-1.310801886792453,0.0,0.0,0.0,-1.5707963267948966
3.254,-1.3191509433962263,0.0,0.0,0.0,-1.5707963267948966
3.254,-1.3275000000000001,0.0,0.0,0.0,-1.5707963267948966
3.254,-1.3358490566037737,0.0,0.0,0.0,-1.5707963267948966
3.254,-1.3441981132075471,0.0,0.0,0.0,-1.5707963267948966
3.254,-1.352547169811321,0.0,0.0,0.0,-1.5707963267948966
3.254,-1.3608962264150943,0.0,0.0,0.0,-1.5707963267948966
3.254,-1.369245283018868,0.0,0.0,0.0,-1.5707963267948966
3.254,-1.3775943396226416,0.0,0.0,0.0,-1.5707963267948966
3.254,-1.3859433962264152,0.0,0.0,0.0,-1.5707963267948966
3.254,-1.3942924528301888,0.0,0.0,0.0,-1.5707963267948966
3.254,-1.4026415094339624,0.0,0.0,0.0,-1.5707963267948966
3.254,-1.4109905660377358,0.0,0.0,0.0,-1.5707963267948966
3.254,-1.4193396226415096,0.0,0.0,0.0,-1.5707963267948966
3.254,-1.427688679245283,0.0,0.0,0.0,-1.5707963267948966
3.254,-1.4360377358490566,0.0,0.0,0.0,-1.5707963267948966
3.254,-1.4443867924528302,0.0,0.0,0.0,-1.5707963267948966
3.254,-1.4527358490566038,0.0,0.0,0.0,-1.5707963267948966
3.254,-1.4610849056603774,0.0,0.0,0.0,-1.5707963267948966
3.254,-1.469433962264151,0.0,0.0,0.0,-1.5707963267948966
3.254,-1.4777830188679244,0.0,0.0,0.0,-1.5707963267948966
3.254,-1.4861320754716982,0.0,0.0,0.0,-1.5707963267948966
3.254,-1.4944811320754716,0.0,0.0,0.0,-1.5707963267948966
3.254,-1.5028301886792454,0.0,0.0,0.0,-1.5707963267948966
3.254,-1.5111792452830188,0.0,0.0,0.0,-1.5707963267948966
3.254,-1.5195283018867924,0.0,0.0,0.0,-1.5707963267948966
3.254,-1.527877358490566,0.0,0.0,0.0,-1.5707963267948966
3.254,-1.5362264150943397,0.0,0.0,0.0,-1.5707963267948966
3.254,-1.5445754716981133,0.0,0.0,0.0,-1.5707963267948966
3.254,-1.5529245283018869,0.0,0.0,0.0,-1.5707963267948966
3.254,-1.5612735849056603,0.0,0.0,0.0,-1.5707963267948966
3.254,-1.569622641509434,0.0,0.0,0.0,-1.5707963267948966
3.254,-1.5779716981132075,0.0,0.0,0.0,-1.5707963267948966
3.254,-1.586320754716981,0.0,0.0,0.0,-1.5707963267948966
3.254,-1.5946698113207547,0.0,0.0,0.0,-1.5707963267948966
3.254,-1.6030188679245283,0.0,0.0,0.0,-1.5707963267948966
3.254,-1.611367924528302,0.0,0.0,0.0,-1.5707963267948966
3.254,-1.6197169811320755,0.0,0.0,0.0,-1.5707963267948966
3.254,-1.628066037735849,0.0,0.0,0.0,-1.5707963267948966
3.254,-1.6364150943396227,0.0,0.0,0.0,-1.5707963267948966
3.254,-1.6447641509433961,0.0,0.0,0.0,-1.5707963267948966
3.254,-1.65311320754717,0.0,0.0,0.0,-1.5707963267948966
3.254,-1.6614622641509433,0.0,0.0,0.0,-1.5707963267948966
3.254,-1.669811320754717,0.0,0.0,0.0,-1.5707963267948966
3.254,-1.6781603773584906,0.0,0.0,0.0,-1.5707963267948966
3.254,-1.6865094339622642,0.0,0.0,0.0,-1.5707963267948966
3.254,-1.6948584905660378,0.0,0.0,0.0,-1.5707963267948966
3.254,-1.7032075471698114,0.0,0.0,0.0,-1.5707963267948966
3.254,-1.7115566037735848,0.0,0.0,0.0,-1.5707963267948966
3.254,-1.7199056603773586,0.0,0.0,0.0,-1.5707963267948966
3.254,-1.728254716981132,0.0,0.0,0.0,-1.5707963267948966
3.254,-1.7366037735849056,0.0,0.0,0.0,-1.5707963267948966
3.254,-1.7449528301886792,0.0,0.0,0.0,-1.5707963267948966
3.254,-1.7533018867924528,0.0,0.0,0.0,-1.5707963267948966
3.254,-1.7616509433962264,0.0,0.0,0.0,-1.5707963267948966
3.254,-1.77,0.0,0.0,0.0,-1.5707963267948966
3.254,-1.7783490566037736,0.0,0.0,0.0,-1.5707963267948966
3.254,-1.7866981132075475,0.0,0.0,0.0,-1.5707963267948966
3.254,-1.7950471698113206,0.0,0.0,0.0,-1.5707963267948966
3.254,-1.8033962264150944,0.0,0.0,0.0,-1.5707963267948966
3.254,-1.811745283018868,0.0,0.0,0.0,-1.5707963267948966
3.254,-1.8200943396226417,0.0,0.0,0.0,-1.5707963267948966
3.254,-1.828443396226415,0.0,0.0,0.0,-1.5707963267948966
3.254,-1.8367924528301887,0.0,0.0,0.0,-1.5707963267948966
3.254,-1.8451415094339623,0.0,0.0,0.0,-1.5707963267948966
3.254,-1.853490566037736,0.0,0.0,0.0,-1.5707963267948966
3.254,-1.8618396226415093,0.0,0.0,0.0,-1.5707963267948966
3.254,-1.870188679245283,0.0,0.0,0.0,-1.5707963267948966
3.254,-1.8785377358490567,0.0,0.0,0.0,-1.5707963267948966
3.254,-1.8868867924528303,0.0,0.0,0.0,-1.5707963267948966
3.254,-1.8952358490566037,0.0,0.0,0.0,-1.5707963267948966
3.254,-1.9035849056603773,0.0,0.0,0.0,-1.5707963267948966
3.254,-1.9119339622641511,0.0,0.0,0.0,-1.5707963267948966
3.254,-1.9202830188679247,0.0,0.0,0.0,-1.5707963267948966
3.254,-1.928632075471698,0.0,0.0,0.0,-1.5707963267948966
3.254,-1.9369811320754717,0.0,0.0,0.0,-1.5707963267948966
3.254,-1.9453301886792453,0.0,0.0,0.0,-1.5707963267948966
3.254,-1.953679245283019,0.0,0.0,0.0,-1.5707963267948966
3.254,-1.9620283018867923,0.0,0.0,0.0,-1.5707963267948966
3.254,-1.970377358490566,0.0,0.0,0.0,-1.5707963267948966
3.254,-1.9787264150943398,0.0,0.0,0.0,-1.5707963267948966
3.254,-1.9870754716981134,0.0,0.0,0.0,-1.5707963267948966
3.254,-1.9954245283018868,0.0,0.0,0.0,-1.5707963267948966
3.254,-2.00377358490566,0.0,0.0,0.0,-1.5707963267948966
3.254,-2.012122641509434,0.0,0.0,0.0,-1.5707963267948966
3.254,-2.020471698113208,0.0,0.0,0.0,-1.5707963267948966
3.254,-2.028820754716981,0.0,0.0,0.0,-1.5707963267948966
3.254,-2.0371698113207546,0.0,0.0,0.0,-1.5707963267948966
3.254,-2.045518867924528,0.0,0.0,0.0,-1.5707963267948966
3.254,-2.0538679245283022,0.0,0.0,0.0,-1.5707963267948966
3.254,-2.0622169811320754,0.0,0.0,0.0,-1.5707963267948966
3.254,-2.070566037735849,0.0,0.0,0.0,-1.5707963267948966
3.254,-2.0789150943396226,0.0,0.0,0.0,-1.5707963267948966
3.254,-2.0872641509433962,0.0,0.0,0.0,-1.5707963267948966
3.254,-2.09561320754717,0.0,0.0,0.0,-1.5707963267948966
3.254,-2.1039622641509435,0.0,0.0,0.0,-1.5707963267948966
3.254,-2.112311320754717,0.0,0.0,0.0,-1.5707963267948966
3.254,-2.1206603773584907,0.0,0.0,0.0,-1.5707963267948966
3.254,-2.129009433962264,0.0,0.0,0.0,-1.5707963267948966
3.254,-2.137358490566038,0.0,0.0,0.0,-1.5707963267948966
3.254,-2.1457075471698115,0.0,0.0,0.0,-1.5707963267948966
3.254,-2.154056603773585,0.0,0.0,0.0,-1.5707963267948966
3.254,-2.1624056603773583,0.0,0.0,0.0,-1.5707963267948966
3.254,-2.170754716981132,0.0,0.0,0.0,-1.5707963267948966
3.254,-2.1791037735849055,0.0,0.0,0.0,-1.5707963267948966
3.254,-2.1874528301886795,0.0,0.0,0.0,-1.5707963267948966
3.254,-2.1958018867924527,0.0,0.0,0.0,-1.5707963267948966
3.254,-2.2041509433962263,0.0,0.0,0.0,-1.5707963267948966
3.254,-2.2125,0.0,0.0,0.0,-1.5707963267948966
3.254,-2.2208490566037735,0.0,0.0,0.0,-1.5707963267948966
3.254,-2.2291981132075476,0.0,0.0,0.0,-1.5707963267948966
3.254,-2.2375471698113207,0.0,0.0,0.0,-1.5707963267948966
3.254,-2.2458962264150943,0.0,0.0,0.0,-1.5707963267948966
3.254,-2.254245283018868,0.0,0.0,0.0,-1.5707963267948966
3.254,-2.2625943396226416,0.0,0.0,0.0,-1.5707963267948966
3.254,-2.270943396226415,0.0,0.0,0.0,-1.5707963267948966
3.254,-2.2792924528301888,0.0,0.0,0.0,-1.5707963267948966
3.254,-2.2876415094339624,0.0,0.0,0.0,-1.5707963267948966
3.254,-2.295990566037736,0.0,0.0,0.0,-1.5707963267948966
3.254,-2.304339622641509,0.0,0.0,0.0,-1.5707963267948966
3.254,-2.312688679245283,0.0,0.0,0.0,-1.5707963267948966
3.254,-2.321037735849057,0.0,0.0,0.0,-1.5707963267948966
3.254,-2.3293867924528304,0.0,0.0,0.0,-1.5707963267948966
3.254,-2.3377358490566036,0.0,0.0,0.0,-1.5707963267948966
3.254,-2.346084905660377,0.0,0.0,0.0,-1.5707963267948966
3.254,-2.3544339622641512,0.0,0.0,0.0,-1.5707963267948966
3.254,-2.362783018867925,0.0,0.0,0.0,-1.5707963267948966
3.254,-2.371132075471698,0.0,0.0,0.0,-1.5707963267948966
3.254,-2.3794811320754716,0.0,0.0,0.0,-1.5707963267948966
3.254,-2.3878301886792452,0.0,0.0,0.0,-1.5707963267948966
3.254,-2.396179245283019,0.0,0.0,0.0,-1.5707963267948966
3.254,-2.4045283018867925,0.0,0.0,0.0,-1.5707963267948966
3.254,-2.412877358490566,0.0,0.0,0.0,-1.5707963267948966
3.254,-2.4212264150943397,0.0,0.0,0.0,-1.5707963267948966
3.254,-2.4295754716981133,0.0,0.0,0.0,-1.5707963267948966
3.254,-2.437924528301887,0.0,0.0,0.0,-1.5707963267948966
3.254,-2.4462735849056605,0.0,0.0,0.0,-1.5707963267948966
3.254,-2.454622641509434,0.0,0.0,0.0,-1.5707963267948966
3.254,-2.4629716981132077,0.0,0.0,0.0,-1.5707963267948966
3.254,-2.471320754716981,0.0,0.0,0.0,-1.5707963267948966
3.254,-2.4796698113207545,0.0,0.0,0.0,-1.5707963267948966
3.254,-2.4880188679245285,0.0,0.0,0.0,-1.5707963267948966
3.254,-2.496367924528302,0.0,0.0,0.0,-1.5707963267948966
3.254,-2.5047169811320753,0.0,0.0,0.0,-1.5707963267948966
3.254,-2.513066037735849,0.0,0.0,0.0,-1.5707963267948966
3.254,-2.5214150943396225,0.0,0.0,0.0,-1.5707963267948966
3.254,-2.5297641509433966,0.0,0.0,0.0,-1.5707963267948966
3.254,-2.5381132075471697,0.0,0.0,0.0,-1.5707963267948966
3.254,-2.5464622641509433,0.0,0.0,0.0,-1.5707963267948966
3.254,-2.554811320754717,0.0,0.0,0.0,-1.5707963267948966
3.254,-2.5631603773584906,0.0,0.0,0.0,-1.5707963267948966
3.254,-2.571509433962264,0.0,0.0,0.0,-1.5707963267948966
3.254,-2.5798584905660378,0.0,0.0,0.0,-1.5707963267948966
3.254,-2.5882075471698114,0.0,0.0,0.0,-1.5707963267948966
3.254,-2.596556603773585,0.0,0.0,0.0,-1.5707963267948966
3.254,-2.604905660377358,0.0,0.0,0.0,-1.5707963267948966
3.254,-2.613254716981132,0.0,0.0,0.0,-1.5707963267948966
3.254,-2.621603773584906,0.0,0.0,0.0,-1.5707963267948966
3.254,-2.6299528301886794,0.0,0.0,0.0,-1.5707963267948966
3.254,-2.6383018867924526,0.0,0.0,0.0,-1.5707963267948966
3.254,-2.646650943396226,0.0,0.0,0.0,-1.5707963267948966
3.254,-2.6550000000000002,0.0,0.0,0.0,-1.5707963267948966
3.254,-2.663349056603774,0.0,0.0,0.0,-1.5707963267948966
3.254,-2.6716981132075475,0.0,0.0,0.0,-1.5707963267948966
3.254,-2.6800471698113206,0.0,0.0,0.0,-1.5707963267948966
3.254,-2.6883962264150942,0.0,0.0,0.0,-1.5707963267948966
3.254,-2.696745283018868,0.0,0.0,0.0,-1.5707963267948966
3.254,-2.705094339622642,0.0,0.0,0.0,-1.5707963267948966
3.254,-2.713443396226415,0.0,0.0,0.0,-1.5707963267948966
3.254,-2.7217924528301887,0.0,0.0,0.0,-1.5707963267948966
3.254,-2.7301415094339623,0.0,0.0,0.0,-1.5707963267948966
3.254,-2.738490566037736,0.0,0.0,0.0,-1.5707963267948966
3.254,-2.7468396226415095,0.0,0.0,0.0,-1.5707963267948966
3.254,-2.755188679245283,0.0,0.0,0.0,-1.5707963267948966
3.254,-2.7635377358490567,0.0,0.0,0.0,-1.5707963267948966
3.254,-2.7718867924528303,0.0,0.0,0.0,-1.5707963267948966
3.254,-2.7802358490566035,0.0,0.0,0.0,-1.5707963267948966
3.254,-2.7885849056603775,0.0,0.0,0.0,-1.5707963267948966
3.254,-2.796933962264151,0.0,0.0,0.0,-1.5707963267948966
3.254,-2.8052830188679247,0.0,0.0,0.0,-1.5707963267948966
3.254,-2.813632075471698,0.0,0.0,0.0,-1.5707963267948966
3.254,-2.8219811320754715,0.0,0.0,0.0,-1.5707963267948966
3.254,-2.8303301886792456,0.0,0.0,0.0,-1.5707963267948966
3.254,-2.838679245283019,0.0,0.0,0.0,-1.5707963267948966
3.254,-2.8470283018867923,0.0,0.0,0.0,-1.5707963267948966
3.254,-2.855377358490566,0.0,0.0,0.0,-1.5707963267948966
3.254,-2.8637264150943396,0.0,0.0,0.0,-1.5707963267948966
3.254,-2.872075471698113,0.0,0.0,0.0,-1.5707963267948966
3.254,-2.8804245283018868,0.0,0.0,0.0,-1.5707963267948966
3.254,-2.8887735849056604,0.0,0.0,0.0,-1.5707963267948966
3.254,-2.897122641509434,0.0,0.0,0.0,-1.5707963267948966
3.254,-2.9054716981132076,0.0,0.0,0.0,-1.5707963267948966
3.254,-2.913820754716981,0.0,0.0,0.0,-1.5707963267948966
3.254,-2.922169811320755,0.0,0.0,0.0,-1.5707963267948966
3.254,-2.9305188679245284,0.0,0.0,0.0,-1.5707963267948966
3.254,-2.938867924528302,0.0,0.0,0.0,-1.5707963267948966
3.254,-2.947216981132075,0.0,0.0,0.0,-1.5707963267948966
3.254,-2.955566037735849,0.0,0.0,0.0,-1.5707963267948966
3.254,-2.963915094339623,0.0,0.0,0.0,-1.5707963267948966
3.254,-2.9722641509433965,0.0,0.0,0.0,-1.5707963267948966
3.254,-2.9806132075471696,0.0,0.0,0.0,-1.5707963267948966
3.254,-2.9889622641509432,0.0,0.0,0.0,-1.5707963267948966
3.254,-2.997311320754717,0.0,0.0,0.0,-1.5707963267948966
3.254,-3.005660377358491,0.0,0.0,0.0,-1.5707963267948966
3.254,-3.014009433962264,0.0,0.0,0.0,-1.5707963267948966
3.254,-3.0223584905660377,0.0,0.0,0.0,-1.5707963267948966
3.254,-3.0307075471698113,0.0,0.0,0.0,-1.5707963267948966
3.254,-3.039056603773585,0.0,0.0,0.0,-1.5707963267948966
3.254,-3.0474056603773585,0.0,0.0,0.0,-1.5707963267948966
3.254,-3.055754716981132,0.0,0.0,0.0,-1.5707963267948966
3.254,-3.0641037735849057,0.0,0.0,0.0,-1.5707963267948966
3.254,-3.0724528301886793,0.0,0.0,0.0,-1.5707963267948966
3.254,-3.0808018867924525,0.0,0.0,0.0,-1.5707963267948966
3.254,-3.0891509433962265,0.0,0.0,0.0,-1.5707963267948966
3.254,-3.0975,0.0,0.0,0.0,-1.5707963267948966
3.254,-3.1058490566037738,0.0,0.0,0.0,-1.5707963267948966
3.254,-3.1141981132075474,0.0,0.0,0.0,-1.5707963267948966
3.254,-3.1225471698113205,0.0,0.0,0.0,-1.5707963267948966
3.254,-3.1308962264150946,0.0,0.0,0.0,-1.5707963267948966
3.254,-3.139245283018868,0.0,0.0,0.0,-1.5707963267948966
3.254,-3.147594339622642,0.0,0.0,0.0,-1.5707963267948966
3.254,-3.155943396226415,0.0,0.0,0.0,-1.5707963267948966
3.254,-3.1642924528301886,0.0,0.0,0.0,-1.5707963267948966
3.254,-3.172641509433962,0.0,0.0,0.0,-1.5707963267948966
3.254,-3.1809905660377362,0.0,0.0,0.0,-1.5707963267948966
3.254,-3.1893396226415094,0.0,0.0,0.0,-1.5707963267948966
3.254,-3.197688679245283,0.0,0.0,0.0,-1.5707963267948966
3.254,-3.2060377358490566,0.0,0.0,0.0,-1.5707963267948966
3.254,-3.21438679245283,0.0,0.0,0.0,-1.5707963267948966
3.254,-3.222735849056604,0.0,0.0,0.0,-1.5707963267948966
3.254,-3.2310849056603774,0.0,0.0,0.0,-1.5707963267948966
3.254,-3.239433962264151,0.0,0.0,0.0,-1.5707963267948966
3.254,-3.2477830188679246,0.0,0.0,0.0,-1.5707963267948966
3.254,-3.256132075471698,0.0,0.0,0.0,-1.5707963267948966
3.254,-3.264481132075472,0.0,0.0,0.0,-1.5707963267948966
3.254,-3.2728301886792455,0.0,0.0,0.0,-1.5707963267948966
3.254,-3.281179245283019,0.0,0.0,0.0,-1.5707963267948966
3.254,-3.2895283018867922,0.0,0.0,0.0,-1.5707963267948966
3.254,-3.297877358490566,0.0,0.0,0.0,-1.5707963267948966
3.254,-3.30622641509434,0.0,0.0,0.0,-1.5707963267948966
3.254,-3.3145754716981135,0.0,0.0,0.0,-1.5707963267948966
3.254,-3.3229245283018867,0.0,0.0,0.0,-1.5707963267948966
3.254,-3.3312735849056603,0.0,0.0,0.0,-1.5707963267948966
3.254,-3.339622641509434,0.0,0.0,0.0,-1.5707963267948966
3.254,-3.347971698113208,0.0,0.0,0.0,-1.5707963267948966
3.254,-3.356320754716981,0.0,0.0,0.0,-1.5707963267948966
3.254,-3.3646698113207547,0.0,0.0,0.0,-1.5707963267948966
3.254,-3.3730188679245283,0.0,0.0,0.0,-1.5707963267948966
3.254,-3.381367924528302,0.0,0.0,0.0,-1.5707963267948966
3.254,-3.3897169811320755,0.0,0.0,0.0,-1.5707963267948966
3.254,-3.398066037735849,0.0,0.0,0.0,-1.5707963267948966
3.254,-3.4064150943396228,0.0,0.0,0.0,-1.5707963267948966
3.254,-3.4147641509433964,0.0,0.0,0.0,-1.5707963267948966
3.254,-3.4231132075471695,0.0,0.0,0.0,-1.5707963267948966
3.254,-3.4314622641509436,0.0,0.0,0.0,-1.5707963267948966
3.254,-3.439811320754717,0.0,0.0,0.0,-1.5707963267948966
3.254,-3.448160377358491,0.0,0.0,0.0,-1.5707963267948966
3.254,-3.456509433962264,0.0,0.0,0.0,-1.5707963267948966
3.254,-3.4648584905660376,0.0,0.0,0.0,-1.5707963267948966
3.254,-3.473207547169811,0.0,0.0,0.0,-1.5707963267948966
3.254,-3.4815566037735852,0.0,0.0,0.0,-1.5707963267948966
3.254,-3.4899056603773584,0.0,0.0,0.0,-1.5707963267948966
3.254,-3.498254716981132,0.0,0.0,0.0,-1.5707963267948966
3.254,-3.5066037735849056,0.0,0.0,0.0,-1.5707963267948966
3.254,-3.514952830188679,0.0,0.0,0.0,-1.5707963267948966
3.254,-3.523301886792453,0.0,0.0,0.0,-1.5707963267948966
3.254,-3.5316509433962264,0.0,0.0,0.0,-1.5707963267948966
